Thu Nov 01 18:16:53 +0000 2018	RT @preorder24hr: ‡πÄ‡∏õ‡∏¥‡∏î‡∏û‡∏£‡∏µ‡πÄ‡∏Ñ‡∏™‡∏°‡∏∑‡∏≠‡∏ñ‡∏∑‡∏≠ #HARDCARRY2 X MYCT ‡∏°‡∏µ‡∏£‡∏∏‡πà‡∏ô iPhone X,7,8,7+,8+ ‡∏ã‡∏±‡∏°‡∏ã‡∏∏‡∏á Galaxy S8 S9 ‡∏£‡∏≤‡∏Ñ‡∏≤ 750 ‡∏ö‡∏≤‡∏ó ‡πÅ‡∏•‡∏∞ iPhone 6,6s / 7,7+‚Ä¶
Thu Nov 01 18:16:46 +0000 2018	RT @wtobecontinued: ‡∏£‡∏≤‡∏¢‡∏•‡∏∞‡πÄ‡∏≠‡∏µ‡∏¢‡∏î‡πÄ‡∏Ñ‡∏™‡∏°‡∏≤‡πÅ‡∏ô‡πâ‡∏ß‡∏Ñ‡πà‡∏≤ ‡∏°‡∏µ‡∏ó‡∏±‡πâ‡∏á‡∏´‡∏°‡∏î8‡πÅ‡∏ö‡∏ö ‡πÄ‡∏î‡∏µ‡πà‡∏¢‡∏ß7 ‡∏£‡∏ß‡∏°1‡πÇ‡∏î‡∏¢‡πÄ‡∏Ñ‡∏™‡∏°‡∏µ‡πÄ‡∏â‡∏û‡∏≤‡∏∞‡πÅ‡∏Ñ‡πà5‡∏£‡∏∏‡πà‡∏ô ‡∏î‡∏±‡∏á‡∏ô‡∏µ‡πâIPhone XIPhone 8IPhone 8+Galaxy S8G‚Ä¶
Thu Nov 01 18:16:00 +0000 2018	@xTNZiNjLjEbZLdt Ÿäÿß ŸáŸÑÿß ÿπÿ≤Ÿäÿ≤Ÿäÿå ÿ™ŸÅÿ∂ŸÑ Ÿäÿ≤Ÿäÿßÿ±ÿ© ÿßŸÑÿ±ÿßÿ®ÿ∑ ÿßŸÑÿ™ÿßŸÑŸä ŸÑŸÖÿπÿ±ŸÅÿ© ŸÉŸÑ ÿßŸÑÿ™ŸÅÿßÿµŸäŸÑ ÿ≠ŸàŸÑ ÿ¨ÿßŸÑŸÉÿ≥Ÿä ÿ£ÿ≥ 9 ÿ®ŸÑÿ≥ 64 ŸÇŸäŸÇÿß https://t.co/IXi2MEOPda
Thu Nov 01 18:15:36 +0000 2018	RT @02950424: ‡πÄ‡∏õ‡∏¥‡∏î‡∏û‡∏£‡∏µ ‡πÄ‡∏Ñ‡∏™‡∏°‡∏∑‡∏≠‡∏ñ‡∏∑‡∏≠ #GOT7 #HARDCARRY2 X MYCT iPhone X,7,8,7+,8+ Galaxy S8 S9 ‡∏£‡∏≤‡∏Ñ‡∏≤ 760 iPhone 6/6s Galaxy S6 S7 ‡∏£‡∏≤‡∏Ñ‡∏≤ 950 GOT7‚Ä¶
Thu Nov 01 18:14:54 +0000 2018	RT @wtobecontinued: ‡∏£‡∏≤‡∏¢‡∏•‡∏∞‡πÄ‡∏≠‡∏µ‡∏¢‡∏î‡πÄ‡∏Ñ‡∏™‡∏°‡∏≤‡πÅ‡∏ô‡πâ‡∏ß‡∏Ñ‡πà‡∏≤ ‡∏°‡∏µ‡∏ó‡∏±‡πâ‡∏á‡∏´‡∏°‡∏î8‡πÅ‡∏ö‡∏ö ‡πÄ‡∏î‡∏µ‡πà‡∏¢‡∏ß7 ‡∏£‡∏ß‡∏°1‡πÇ‡∏î‡∏¢‡πÄ‡∏Ñ‡∏™‡∏°‡∏µ‡πÄ‡∏â‡∏û‡∏≤‡∏∞‡πÅ‡∏Ñ‡πà5‡∏£‡∏∏‡πà‡∏ô ‡∏î‡∏±‡∏á‡∏ô‡∏µ‡πâIPhone XIPhone 8IPhone 8+Galaxy S8G‚Ä¶
Thu Nov 01 18:13:53 +0000 2018	RT @wtobecontinued: ‡∏£‡∏≤‡∏¢‡∏•‡∏∞‡πÄ‡∏≠‡∏µ‡∏¢‡∏î‡πÄ‡∏Ñ‡∏™‡∏°‡∏≤‡πÅ‡∏ô‡πâ‡∏ß‡∏Ñ‡πà‡∏≤ ‡∏°‡∏µ‡∏ó‡∏±‡πâ‡∏á‡∏´‡∏°‡∏î8‡πÅ‡∏ö‡∏ö ‡πÄ‡∏î‡∏µ‡πà‡∏¢‡∏ß7 ‡∏£‡∏ß‡∏°1‡πÇ‡∏î‡∏¢‡πÄ‡∏Ñ‡∏™‡∏°‡∏µ‡πÄ‡∏â‡∏û‡∏≤‡∏∞‡πÅ‡∏Ñ‡πà5‡∏£‡∏∏‡πà‡∏ô ‡∏î‡∏±‡∏á‡∏ô‡∏µ‡πâIPhone XIPhone 8IPhone 8+Galaxy S8G‚Ä¶
Thu Nov 01 18:13:30 +0000 2018	üî•‡∏û‡∏£‡∏µ‡πÄ‡∏Ñ‡∏™ ‚Å†Hard Carry2 x MYCTüî•‡πÄ‡∏ã‡πá‡∏ï‡∏Ç‡∏≠‡∏á‡πÅ‡∏ñ‡∏°‡∏ó‡∏µ‡πà‡πÑ‡∏î‡πâ-‡∏Å‡∏£‡∏∞‡πÄ‡∏õ‡πã‡∏≤‡∏ã‡∏¥‡∏õ‡∏•‡πä‡∏≠‡∏Ñ-‡πÇ‡∏ü‡πÇ‡∏ï‡πâ‡∏Å‡∏≤‡∏£‡πå‡∏î(‡πÑ‡∏î‡πâ‡πÄ‡∏°‡∏°‡πÄ‡∏ö‡∏≠‡∏£‡πå‡πÄ‡∏î‡∏µ‡∏¢‡∏ß‡∏Å‡∏±‡∏ö‡πÄ‡∏Ñ‡∏™‡∏°‡∏∑‡∏≠‡∏ñ‡∏∑‡∏≠‡∏ó‡∏µ‡πà‡πÄ‡∏•‡∏∑‡∏≠‡∏Å) Ip‚Ä¶ https://t.co/tdrjfXft8v
Thu Nov 01 18:13:20 +0000 2018	@CamzoOG I've always wanted stock Android. Samsung phones all come with bloat ware. I've had 2 Galaxy phones with b‚Ä¶ https://t.co/eZmPWk7Z4M
Thu Nov 01 18:12:42 +0000 2018	RT @wtobecontinued: ‡∏£‡∏≤‡∏¢‡∏•‡∏∞‡πÄ‡∏≠‡∏µ‡∏¢‡∏î‡πÄ‡∏Ñ‡∏™‡∏°‡∏≤‡πÅ‡∏ô‡πâ‡∏ß‡∏Ñ‡πà‡∏≤ ‡∏°‡∏µ‡∏ó‡∏±‡πâ‡∏á‡∏´‡∏°‡∏î8‡πÅ‡∏ö‡∏ö ‡πÄ‡∏î‡∏µ‡πà‡∏¢‡∏ß7 ‡∏£‡∏ß‡∏°1‡πÇ‡∏î‡∏¢‡πÄ‡∏Ñ‡∏™‡∏°‡∏µ‡πÄ‡∏â‡∏û‡∏≤‡∏∞‡πÅ‡∏Ñ‡πà5‡∏£‡∏∏‡πà‡∏ô ‡∏î‡∏±‡∏á‡∏ô‡∏µ‡πâIPhone XIPhone 8IPhone 8+Galaxy S8G‚Ä¶
Thu Nov 01 18:12:18 +0000 2018	RT @WONDER_MARK_: ‡∏™‡∏£‡∏∏‡∏õ‡∏Ñ‡∏≠‡∏•‡πÄ‡∏•‡∏Ñ‡∏ä‡∏±‡πà‡∏ô Hard carry of GOT7 2 X MYCT ‡∏°‡∏µ Case ‡∏°‡∏∑‡∏≠‡∏ñ‡∏∑‡∏≠‡∏ó‡∏µ‡πà‡∏≠‡∏≠‡∏Å‡πÅ‡∏ö‡∏ö‡πÇ‡∏î‡∏¢ #GOT7 8 ‡∏•‡∏≤‡∏¢ 5‡∏£‡∏∏‡πà‡∏ô ‡∏î‡∏±‡∏á‡∏ô‡∏µ‡πâIphone X, Iphone 8, Ip‚Ä¶
Thu Nov 01 18:11:47 +0000 2018	RT @02950424: UPDATE üö®‡πÄ‡∏õ‡∏¥‡∏î‡∏û‡∏£‡∏µ ‡πÄ‡∏Ñ‡∏™‡∏°‡∏∑‡∏≠‡∏ñ‡∏∑‡∏≠ #GOT7 #HARDCARRY2 X MYCT iPhone X,7,8,7+,8+,6,6s / Galaxy S6 S7 S8 S9 Note8 Note9 ‡∏£‡∏≤‡∏Ñ‡∏≤ 760 GOT7‚Ä¶
Thu Nov 01 18:11:25 +0000 2018	Oneplus 6T Vs Samsung Galaxy S9/ S9+ Camera Test Comparison: https://t.co/kswLmRp8lL via @YouTube
Thu Nov 01 18:10:25 +0000 2018	@julyofigueiredo @adamastaquio N√£o tenho iPhone, tenho Galaxy S9, eu n√£o sou capitalista e tenho certeza de que voc‚Ä¶ https://t.co/GwLh0JBLhN
Thu Nov 01 18:10:15 +0000 2018	Â∑•Âå†Ëó§‰∫ï Samsung Galaxy S9 Â∞ÇÁî®„Äå„Ç±„Éº„Çπ„Å´Âπ≤Ê∏â„Åõ„Åö&amp;ÊÑüÂ∫¶ËâØÂ•Ω„ÄçÂÖ®Èù¢Âº∑Âåñ„Ç¨„É©„Çπ„Éï„Ç£„É´„É† Á°¨Â∫¶9H Âéö„ÅïË∂ÖËñÑ0.33mm Êí•Ê≤πÊÄß ÊåáÁ¥ãÈò≤Ê≠¢ 3DÊõ≤Èù¢Âä†Â∑• galaxy S9 „Éï„Ç£„É´„É†„ÄêÊ∂≤Êô∂Èù¢„Ç¨„É©„Çπ1Êûö„Äë„ÄåÂìÅË≥™‰øùË®º„Äç„Å™‚Ä¶ https://t.co/UForpk0Rva
Thu Nov 01 18:10:14 +0000 2018	RT @poonniez: [Pls RT] ‡πÄ‡∏õ‡∏¥‡∏î‡∏û‡∏£‡∏µ‡πÄ‡∏Ñ‡∏™ #Got7‚Å† ‚Å†Hard Carry2 x MYCT ‡∏°‡∏µ‡∏£‡∏∏‡πà‡∏ô‡∏î‡∏±‡∏á‡∏ô‡∏µ‡πâ‚Å†‚Å†iPhone X/7/7+/8/8+/6/6SGalaxy S9/S8 , Note 8/9 üíô ‡πÄ‡∏Ñ‡∏™‡∏°‡∏∑‡∏≠‡∏ñ‡∏∑‡∏≠‚Ä¶
Thu Nov 01 18:10:04 +0000 2018	Latest Samsung Galaxy S9+ Android Pie beta brings DeX without a dock https://t.co/L0A6rmghUx
Thu Nov 01 18:08:59 +0000 2018	RT @Katanpimark: ‡πÄ‡∏î‡∏µ‡πã‡∏¢‡∏ß‡∏°‡∏≤‡πÄ‡∏õ‡∏¥‡∏î‡∏û‡∏£‡∏µ‡πÄ‡∏Ñ‡∏™‡∏£‡∏≤‡∏Ñ‡∏≤‡∏Å‡∏£‡∏∏‡∏ö‡∏Å‡∏£‡∏¥‡∏öHard carry of GOT7 2 X MYCT ‡∏≠‡∏≠‡∏Å‡πÅ‡∏ö‡∏ö‡πÇ‡∏î‡∏¢ #GOT7 #GOT7ÏùòÌïòÎìúÏ∫êÎ¶¨2‡πÉ‡∏ô‡πÄ‡∏ã‡∏ï‡∏°‡∏µ ‡πÄ‡∏Ñ‡∏™+‡∏ñ‡∏∏‡∏á‡∏ã‡∏¥‡∏õ‡∏•‡πä‡∏≠‡∏Å+‡πÇ‡∏ü‡πÇ‡∏ï‡πâ‡∏Å‡∏≤‡∏£‡πå‡∏î‚Ä¶
Thu Nov 01 18:08:34 +0000 2018	New on eBay US &gt;&gt; #5126 #smartphones #deal Samsung Galaxy S9+ SM-G965 - 64GB - Lilac Purple (T-Mobil... https://t.co/m8DyI3gCG0
Thu Nov 01 18:08:29 +0000 2018	Œó œÑŒµŒªŒµœÖœÑŒ±ŒØŒ± #Beta Œ≠Œ∫Œ¥ŒøœÉŒ∑ œÑŒøœÖ Android Pie Œ≥ŒπŒ± œÑŒø #Samsung Galaxy S9 + œÜŒ≠œÅŒΩŒµŒπ œÑŒ∑ŒΩ ŒµŒºœÄŒµŒπœÅŒØŒ± #Dex œáœâœÅŒØœÇ œáœÅŒÆœÉŒ∑ dock //‚Ä¶ https://t.co/7p4ghqMtIw
Thu Nov 01 18:07:54 +0000 2018	Rich Watched: Brooklyn Nine-Nine - Coral Palms (3) - s04e03 on Galaxy S9 for 5 minutes [37%]
Thu Nov 01 18:04:56 +0000 2018	RT @poonniez: [Pls RT] ‡πÄ‡∏õ‡∏¥‡∏î‡∏û‡∏£‡∏µ‡πÄ‡∏Ñ‡∏™ #Got7‚Å† ‚Å†Hard Carry2 x MYCT ‡∏°‡∏µ‡∏£‡∏∏‡πà‡∏ô‡∏î‡∏±‡∏á‡∏ô‡∏µ‡πâ‚Å†‚Å†iPhone X/7/7+/8/8+/6/6SGalaxy S9/S8 , Note 8/9 üíô ‡πÄ‡∏Ñ‡∏™‡∏°‡∏∑‡∏≠‡∏ñ‡∏∑‡∏≠‚Ä¶
Thu Nov 01 18:04:52 +0000 2018	@CamzoOG I've had Galaxy s phones from 3-7. Finally got the pixel 2 and haven't looked back. My wife has the s9 and‚Ä¶ https://t.co/IcGMbp73Ws
Thu Nov 01 18:04:28 +0000 2018	Compre um Galaxy S9 Plus e ganhe R$1116 de volta https://t.co/EqshqiWT4j
Thu Nov 01 18:04:21 +0000 2018	RT @AndroidAuth: Samsung Galaxy S9 Plus could soon get Note 9‚Äôs dockless DeX feature   https://t.co/ZYgnzFT4UP
Thu Nov 01 18:03:57 +0000 2018	TIM antecipa Black Friday com ofertas de internet e promo√ß√µes do Galaxy S9 e Moto G6 Plus https://t.co/zFc1oJB4Zt via @Tudo_Celular
Thu Nov 01 18:02:46 +0000 2018	RT @ImEarnEarn: [PRE] #GOT7 #HardCarry2 Phonecaseüì± CASE SET : 790‡∏ø‚ù£Ô∏è Griptok : 450‡∏øü§üüèº Case + Griptok : 1,150‡∏ø- ‡∏£‡∏≤‡∏Ñ‡∏≤‡∏£‡∏ß‡∏°‡∏ó‡∏∏‡∏Å‡∏≠‡∏¢‡πà‡∏≤‡∏á‡πÅ‡∏•‡πâ‡∏ß ‡∏£‡∏ß‡∏°‚Ä¶
Thu Nov 01 18:02:15 +0000 2018	RT @gospel_harmony: Awesome Deals on Brand New Samsung Galaxy S9+N230,000Delivery Available Nationwide ‚úàÔ∏èüåç‚úàÔ∏èKindly Retweet https://t.co‚Ä¶
Thu Nov 01 18:02:08 +0000 2018	Samsung Galaxy S9+ G965FD Dual Sim 6GB Ram 64GB 4G Phone ¬£634.99‚û§ https://t.co/61MkeEiUhavia @outfy https://t.co/3g4EdqfJxu
Thu Nov 01 17:59:51 +0000 2018	I liked a @YouTube video https://t.co/4Z1ApyF6V5 You're Using Your Galaxy S9 Wrong!
Thu Nov 01 17:59:24 +0000 2018	RT @WONDER_MARK_: ‡∏™‡∏£‡∏∏‡∏õ‡∏Ñ‡∏≠‡∏•‡πÄ‡∏•‡∏Ñ‡∏ä‡∏±‡πà‡∏ô Hard carry of GOT7 2 X MYCT ‡∏°‡∏µ Case ‡∏°‡∏∑‡∏≠‡∏ñ‡∏∑‡∏≠‡∏ó‡∏µ‡πà‡∏≠‡∏≠‡∏Å‡πÅ‡∏ö‡∏ö‡πÇ‡∏î‡∏¢ #GOT7 8 ‡∏•‡∏≤‡∏¢ 5‡∏£‡∏∏‡πà‡∏ô ‡∏î‡∏±‡∏á‡∏ô‡∏µ‡πâIphone X, Iphone 8, Ip‚Ä¶
Thu Nov 01 17:57:53 +0000 2018	Mi √® piaciuto un video di @YouTube: https://t.co/SJqLJe9lve 30 TRUCCHI E FUNZIONI NASCOSTE SU SAMSUNG GALAXY NOTE 9 (S9 - S9+)
Thu Nov 01 17:54:24 +0000 2018	RT @WONDER_MARK_: ‡∏™‡∏£‡∏∏‡∏õ‡∏Ñ‡∏≠‡∏•‡πÄ‡∏•‡∏Ñ‡∏ä‡∏±‡πà‡∏ô Hard carry of GOT7 2 X MYCT ‡∏°‡∏µ Case ‡∏°‡∏∑‡∏≠‡∏ñ‡∏∑‡∏≠‡∏ó‡∏µ‡πà‡∏≠‡∏≠‡∏Å‡πÅ‡∏ö‡∏ö‡πÇ‡∏î‡∏¢ #GOT7 8 ‡∏•‡∏≤‡∏¢ 5‡∏£‡∏∏‡πà‡∏ô ‡∏î‡∏±‡∏á‡∏ô‡∏µ‡πâIphone X, Iphone 8, Ip‚Ä¶
Thu Nov 01 17:53:05 +0000 2018	RT @Holeshop_: üì¢ ‡∏û‡∏£‡∏µ‡∏≠‡∏≠‡πÄ‡∏î‡∏≠‡∏£‡πå #GOT7‚Å† #HardCarry2 X MYCTüî∞Phone Case 750 ‡∏ö‡∏≤‡∏ó- iPhone X / 8 / 8+ / 7 / 7+ / 6 / 6s- Galaxy S6 / S7 /S8 / S9 /‚Ä¶
Thu Nov 01 17:53:03 +0000 2018	RT @wtobecontinued: ‡∏£‡∏≤‡∏¢‡∏•‡∏∞‡πÄ‡∏≠‡∏µ‡∏¢‡∏î‡πÄ‡∏Ñ‡∏™‡∏°‡∏≤‡πÅ‡∏ô‡πâ‡∏ß‡∏Ñ‡πà‡∏≤ ‡∏°‡∏µ‡∏ó‡∏±‡πâ‡∏á‡∏´‡∏°‡∏î8‡πÅ‡∏ö‡∏ö ‡πÄ‡∏î‡∏µ‡πà‡∏¢‡∏ß7 ‡∏£‡∏ß‡∏°1‡πÇ‡∏î‡∏¢‡πÄ‡∏Ñ‡∏™‡∏°‡∏µ‡πÄ‡∏â‡∏û‡∏≤‡∏∞‡πÅ‡∏Ñ‡πà5‡∏£‡∏∏‡πà‡∏ô ‡∏î‡∏±‡∏á‡∏ô‡∏µ‡πâIPhone XIPhone 8IPhone 8+Galaxy S8G‚Ä¶
Thu Nov 01 17:52:48 +0000 2018	RT @SamsungBrasil: Compre o seu Samsung Galaxy S9 ou S9+ com um desconto de R$1.000. #GalaxyS9
Thu Nov 01 17:51:39 +0000 2018	ELEPHAS 750-B Wireless Charger Stand for iPhone X/8/8 Plus/Samsung Galaxy S7/S8/S9/S9 Plus/Note 8/ S8/S8 Plus and A‚Ä¶ https://t.co/wsPXyBFKC3
Thu Nov 01 17:50:17 +0000 2018	Gonna cop the galaxy s9 #teamgalaxy fuck iphones
Thu Nov 01 17:50:00 +0000 2018	Samsung Galaxy S9+ Smartphone (6,2 Zoll Touch-Display, 64 GB interner Speicher, Android, Dual SIM) Coral Blue ‚Äì  De‚Ä¶ https://t.co/HWm69IUUM7
Thu Nov 01 17:49:52 +0000 2018	def Ë≥ºÂÖ•„Çµ„Éù„Éº„Éà#iPhone8 64GB„ÄÅ#Galaxy S9„ÄÅ#Galaxy S9+#AQUOS R2 #Xperia XZ2 #Xperia XZ2 Premium #‰πó„ÇäÊèõ„Åà #‰∏ÄÊã¨0ÂÜÜË©≥„Åó„ÅÑÊù°‰ª∂„ÅØ‚Ä¶ https://t.co/7omqOgH3Xs
Thu Nov 01 17:49:16 +0000 2018	Double your trade-in value using your .gov email when you upgrade to a Galaxy Note9, S9 or S9+. Learn more:‚Ä¶ https://t.co/gCplPajBuC
Thu Nov 01 17:49:04 +0000 2018	RT @pepijinjin: Plsrt ‚Å†Hard Carry2 x MYCT ‡πÑ‡∏≠‡πÇ‡∏ü‡∏ôX, 8,8+ ‡∏ã‡∏±‡∏°‡∏ã‡∏∏‡∏áGalaxy s8,s9 IP7, 7+ ‡πÉ‡∏™‡πà‡∏Å‡∏±‡∏ö8 ‡πÑ‡∏î‡πâ‡∏ô‡∏∞ rg720 ems750 ‡πÅ‡∏à‡πâ‡∏á‡πÄ‡∏°‡∏°‡πÄ‡∏ö‡∏≠‡πÅ‡∏•‡∏∞‡∏£‡∏∏‡πà‡∏ô,‡∏Å‡∏≤‡∏£‡∏à‡∏±‡∏î‡∏™‡πà‡∏á ‡∏õ‚Ä¶
Thu Nov 01 17:48:05 +0000 2018	RT @poonniez: [Pls RT] ‡πÄ‡∏õ‡∏¥‡∏î‡∏û‡∏£‡∏µ‡πÄ‡∏Ñ‡∏™ #Got7‚Å† ‚Å†Hard Carry2 x MYCT ‡∏°‡∏µ‡∏£‡∏∏‡πà‡∏ô‡∏î‡∏±‡∏á‡∏ô‡∏µ‡πâ‚Å†‚Å†iPhone X/7/7+/8/8+/6/6SGalaxy S9/S8 , Note 8/9 üíô ‡πÄ‡∏Ñ‡∏™‡∏°‡∏∑‡∏≠‡∏ñ‡∏∑‡∏≠‚Ä¶
Thu Nov 01 17:46:43 +0000 2018	RT @WONDER_MARK_: ‡∏™‡∏£‡∏∏‡∏õ‡∏Ñ‡∏≠‡∏•‡πÄ‡∏•‡∏Ñ‡∏ä‡∏±‡πà‡∏ô Hard carry of GOT7 2 X MYCT ‡∏°‡∏µ Case ‡∏°‡∏∑‡∏≠‡∏ñ‡∏∑‡∏≠‡∏ó‡∏µ‡πà‡∏≠‡∏≠‡∏Å‡πÅ‡∏ö‡∏ö‡πÇ‡∏î‡∏¢ #GOT7 8 ‡∏•‡∏≤‡∏¢ 5‡∏£‡∏∏‡πà‡∏ô ‡∏î‡∏±‡∏á‡∏ô‡∏µ‡πâIphone X, Iphone 8, Ip‚Ä¶
Thu Nov 01 17:46:22 +0000 2018	RT @wtobecontinued: ‡∏£‡∏≤‡∏¢‡∏•‡∏∞‡πÄ‡∏≠‡∏µ‡∏¢‡∏î‡πÄ‡∏Ñ‡∏™‡∏°‡∏≤‡πÅ‡∏ô‡πâ‡∏ß‡∏Ñ‡πà‡∏≤ ‡∏°‡∏µ‡∏ó‡∏±‡πâ‡∏á‡∏´‡∏°‡∏î8‡πÅ‡∏ö‡∏ö ‡πÄ‡∏î‡∏µ‡πà‡∏¢‡∏ß7 ‡∏£‡∏ß‡∏°1‡πÇ‡∏î‡∏¢‡πÄ‡∏Ñ‡∏™‡∏°‡∏µ‡πÄ‡∏â‡∏û‡∏≤‡∏∞‡πÅ‡∏Ñ‡πà5‡∏£‡∏∏‡πà‡∏ô ‡∏î‡∏±‡∏á‡∏ô‡∏µ‡πâIPhone XIPhone 8IPhone 8+Galaxy S8G‚Ä¶
Thu Nov 01 17:45:16 +0000 2018	Castiga un Jeep¬Æ Compass + 11 Samsung Galaxy S9 - https://t.co/lfUudgAcDF
Thu Nov 01 17:45:14 +0000 2018	Good-bye Samsung Galaxy S9+ https://t.co/cj0Adyv2LY
Thu Nov 01 17:44:11 +0000 2018	RT @02950424: ‡πÄ‡∏õ‡∏¥‡∏î‡∏û‡∏£‡∏µ ‡πÄ‡∏Ñ‡∏™‡∏°‡∏∑‡∏≠‡∏ñ‡∏∑‡∏≠ #GOT7 #HARDCARRY2 X MYCT iPhone X,7,8,7+,8+ Galaxy S8 S9 ‡∏£‡∏≤‡∏Ñ‡∏≤ 760 iPhone 6/6s Galaxy S6 S7 ‡∏£‡∏≤‡∏Ñ‡∏≤ 950 GOT7‚Ä¶
Thu Nov 01 17:42:50 +0000 2018	@Ctci_Jr GOT7 ‡∏≠‡∏≠‡∏Å official phone case ‡∏°‡∏µ‡∏Ç‡∏≠‡∏á iphone 6 ‡∏ñ‡∏∂‡∏á X ‡πÅ‡∏•‡πâ‡∏ß galaxy s7-s9 ‡∏°‡∏±‡πâ‡∏á ‡∏ó‡∏µ‡πà‡πÅ‡∏ô‡πà‡πÜ ‡∏Å‡∏π‡πÑ‡∏°‡πà‡∏°‡∏µ 555
Thu Nov 01 17:41:03 +0000 2018	Top 5 Best Samsung Smartphones 2018 ‚û°Top 5 Mobile Name : 5th‚û°Samsung galaxy J8 4th‚û°Samsung galaxy A7 3rd‚û°Samsung ga‚Ä¶ https://t.co/GG7Vl8urKB
Thu Nov 01 17:39:04 +0000 2018	RT @wtobecontinued: ‡∏£‡∏≤‡∏¢‡∏•‡∏∞‡πÄ‡∏≠‡∏µ‡∏¢‡∏î‡πÄ‡∏Ñ‡∏™‡∏°‡∏≤‡πÅ‡∏ô‡πâ‡∏ß‡∏Ñ‡πà‡∏≤ ‡∏°‡∏µ‡∏ó‡∏±‡πâ‡∏á‡∏´‡∏°‡∏î8‡πÅ‡∏ö‡∏ö ‡πÄ‡∏î‡∏µ‡πà‡∏¢‡∏ß7 ‡∏£‡∏ß‡∏°1‡πÇ‡∏î‡∏¢‡πÄ‡∏Ñ‡∏™‡∏°‡∏µ‡πÄ‡∏â‡∏û‡∏≤‡∏∞‡πÅ‡∏Ñ‡πà5‡∏£‡∏∏‡πà‡∏ô ‡∏î‡∏±‡∏á‡∏ô‡∏µ‡πâIPhone XIPhone 8IPhone 8+Galaxy S8G‚Ä¶
Thu Nov 01 17:38:19 +0000 2018	RT @02950424: UPDATE üö®‡πÄ‡∏õ‡∏¥‡∏î‡∏û‡∏£‡∏µ ‡πÄ‡∏Ñ‡∏™‡∏°‡∏∑‡∏≠‡∏ñ‡∏∑‡∏≠ #GOT7 #HARDCARRY2 X MYCT iPhone X,7,8,7+,8+,6,6s / Galaxy S6 S7 S8 S9 Note8 Note9 ‡∏£‡∏≤‡∏Ñ‡∏≤ 760 GOT7‚Ä¶
Thu Nov 01 17:36:02 +0000 2018	RT @wtobecontinued: ‡∏£‡∏≤‡∏¢‡∏•‡∏∞‡πÄ‡∏≠‡∏µ‡∏¢‡∏î‡πÄ‡∏Ñ‡∏™‡∏°‡∏≤‡πÅ‡∏ô‡πâ‡∏ß‡∏Ñ‡πà‡∏≤ ‡∏°‡∏µ‡∏ó‡∏±‡πâ‡∏á‡∏´‡∏°‡∏î8‡πÅ‡∏ö‡∏ö ‡πÄ‡∏î‡∏µ‡πà‡∏¢‡∏ß7 ‡∏£‡∏ß‡∏°1‡πÇ‡∏î‡∏¢‡πÄ‡∏Ñ‡∏™‡∏°‡∏µ‡πÄ‡∏â‡∏û‡∏≤‡∏∞‡πÅ‡∏Ñ‡πà5‡∏£‡∏∏‡πà‡∏ô ‡∏î‡∏±‡∏á‡∏ô‡∏µ‡πâIPhone XIPhone 8IPhone 8+Galaxy S8G‚Ä¶
Thu Nov 01 17:36:02 +0000 2018	RT @wtobecontinued: ‡∏£‡∏≤‡∏¢‡∏•‡∏∞‡πÄ‡∏≠‡∏µ‡∏¢‡∏î‡πÄ‡∏Ñ‡∏™‡∏°‡∏≤‡πÅ‡∏ô‡πâ‡∏ß‡∏Ñ‡πà‡∏≤ ‡∏°‡∏µ‡∏ó‡∏±‡πâ‡∏á‡∏´‡∏°‡∏î8‡πÅ‡∏ö‡∏ö ‡πÄ‡∏î‡∏µ‡πà‡∏¢‡∏ß7 ‡∏£‡∏ß‡∏°1‡πÇ‡∏î‡∏¢‡πÄ‡∏Ñ‡∏™‡∏°‡∏µ‡πÄ‡∏â‡∏û‡∏≤‡∏∞‡πÅ‡∏Ñ‡πà5‡∏£‡∏∏‡πà‡∏ô ‡∏î‡∏±‡∏á‡∏ô‡∏µ‡πâIPhone XIPhone 8IPhone 8+Galaxy S8G‚Ä¶
Thu Nov 01 17:35:59 +0000 2018	RT @ELLELEEL94: ‡∏°‡∏µ‡∏ñ‡∏∏‡∏á‡∏ã‡∏¥‡∏õ,‡πÄ‡∏Ñ‡∏™,‡πÇ‡∏õ‡∏™‡∏Å‡∏≤‡∏£‡πå‡∏î‡πÉ‡∏´‡πâ‡∏û‡∏£‡∏µ 11-18 ‡∏û‡∏¢‡πÄ‡∏£‡∏¥‡πà‡∏°‡∏à‡∏±‡∏î‡∏™‡πà‡∏á 26 ‡∏û‡∏¢.‡∏£‡∏∏‡πà‡∏ô‡∏°‡∏∑‡∏≠‡∏ñ‡∏∑‡∏≠ IPhone X, IPhone 8, IPhone 8+, Galaxy S8, Galaxy S9‡πÉ‚Ä¶
Thu Nov 01 17:35:56 +0000 2018	RT @SamsungMobileCO: Crea videos incre√≠bles con Super Slow-mo del #Galaxy S9. Grabado #withGalaxy @xavieralopez
Thu Nov 01 17:35:29 +0000 2018	Am apreciat un videoclip pe @YouTube, https://t.co/0fQbG36BZZ AM LANSAT IN SPATIU UN GALAXY S9+ - Project Stratos
Thu Nov 01 17:35:24 +0000 2018	I liked a @YouTube video https://t.co/RYI8elZ6Hw MirrorLink - Espejo 1:1 - Samsung Galaxy S9, S9+, S8, S8+ [NO ROOT]
Thu Nov 01 17:35:21 +0000 2018	„Äê#au„Äë‚óè3Êó•~5Êó•‚óè#ÈÄ±Êú´ #„Ç≠„É£„É≥„Éö„Éº„É≥#ÈôêÁïå #ÂÄ§‰∏ã„Åí#1980ÂÜÜ ~‰Ωø„Åà„Åæ„Åô!#MNP#Ë≥ºÂÖ•„Çµ„Éù„Éº„Éà „ÅÇ„Çä#Galaxy #S9 #SCV38#ÂÆüË≥™ #‰∏ÄÊã¨0ÂÜÜ#ÂàÜÂâ≤ 8,640ÂÜÜ +78,000ÂÜÜ‚Ä¶ https://t.co/EmD5lTpWDu
Thu Nov 01 17:35:14 +0000 2018	TIM antecipa Black Friday com ofertas de internet e promo√ß√µes do Galaxy S9 e Moto G6 Plus - https://t.co/jXSRTxdLJE‚Ä¶ https://t.co/5KuSUznHFZ
Thu Nov 01 17:35:04 +0000 2018	RT @pepijinjin: Plsrt ‚Å†Hard Carry2 x MYCT ‡πÑ‡∏≠‡πÇ‡∏ü‡∏ôX, 8,8+ ‡∏ã‡∏±‡∏°‡∏ã‡∏∏‡∏áGalaxy s8,s9 IP7, 7+ ‡πÉ‡∏™‡πà‡∏Å‡∏±‡∏ö8 ‡πÑ‡∏î‡πâ‡∏ô‡∏∞ rg720 ems750 ‡πÅ‡∏à‡πâ‡∏á‡πÄ‡∏°‡∏°‡πÄ‡∏ö‡∏≠‡πÅ‡∏•‡∏∞‡∏£‡∏∏‡πà‡∏ô,‡∏Å‡∏≤‡∏£‡∏à‡∏±‡∏î‡∏™‡πà‡∏á ‡∏õ‚Ä¶
Thu Nov 01 17:34:42 +0000 2018	RT @ELLELEEL94: ‡∏°‡∏µ‡∏ñ‡∏∏‡∏á‡∏ã‡∏¥‡∏õ,‡πÄ‡∏Ñ‡∏™,‡πÇ‡∏õ‡∏™‡∏Å‡∏≤‡∏£‡πå‡∏î‡πÉ‡∏´‡πâ‡∏û‡∏£‡∏µ 11-18 ‡∏û‡∏¢‡πÄ‡∏£‡∏¥‡πà‡∏°‡∏à‡∏±‡∏î‡∏™‡πà‡∏á 26 ‡∏û‡∏¢.‡∏£‡∏∏‡πà‡∏ô‡∏°‡∏∑‡∏≠‡∏ñ‡∏∑‡∏≠ IPhone X, IPhone 8, IPhone 8+, Galaxy S8, Galaxy S9‡πÉ‚Ä¶
Thu Nov 01 17:34:35 +0000 2018	Android Pie : les Galaxy S9 pourront bient√¥t se transformer en PC sans station DeX, en vid√©o https://t.co/Kp2TS3DwPY
Thu Nov 01 17:34:14 +0000 2018	TIM antecipa Black Friday com ofertas de internet e promo√ß√µes do Galaxy S9 e Moto G6 Plus https://t.co/H3EOUftnMH https://t.co/pBuHQTIBXU
Thu Nov 01 17:33:25 +0000 2018	Compara»õie √Æntre Mate 20 Pro vs Galaxy Note 9 »ôi S9+ - https://t.co/mHKaRcS6b7 https://t.co/5wmIQij1rT
Thu Nov 01 17:31:57 +0000 2018	RT @02950424: ‡πÄ‡∏õ‡∏¥‡∏î‡∏û‡∏£‡∏µ ‡πÄ‡∏Ñ‡∏™‡∏°‡∏∑‡∏≠‡∏ñ‡∏∑‡∏≠ #GOT7 #HARDCARRY2 X MYCT iPhone X,7,8,7+,8+ Galaxy S8 S9 ‡∏£‡∏≤‡∏Ñ‡∏≤ 760 iPhone 6/6s Galaxy S6 S7 ‡∏£‡∏≤‡∏Ñ‡∏≤ 950 GOT7‚Ä¶
Thu Nov 01 17:31:30 +0000 2018	RT @02950424: ‡πÄ‡∏õ‡∏¥‡∏î‡∏û‡∏£‡∏µ ‡πÄ‡∏Ñ‡∏™‡∏°‡∏∑‡∏≠‡∏ñ‡∏∑‡∏≠ #GOT7 #HARDCARRY2 X MYCT iPhone X,7,8,7+,8+ Galaxy S8 S9 ‡∏£‡∏≤‡∏Ñ‡∏≤ 760 iPhone 6/6s Galaxy S6 S7 ‡∏£‡∏≤‡∏Ñ‡∏≤ 950 GOT7‚Ä¶
Thu Nov 01 17:31:24 +0000 2018	RT @wtobecontinued: ‡∏£‡∏≤‡∏¢‡∏•‡∏∞‡πÄ‡∏≠‡∏µ‡∏¢‡∏î‡πÄ‡∏Ñ‡∏™‡∏°‡∏≤‡πÅ‡∏ô‡πâ‡∏ß‡∏Ñ‡πà‡∏≤ ‡∏°‡∏µ‡∏ó‡∏±‡πâ‡∏á‡∏´‡∏°‡∏î8‡πÅ‡∏ö‡∏ö ‡πÄ‡∏î‡∏µ‡πà‡∏¢‡∏ß7 ‡∏£‡∏ß‡∏°1‡πÇ‡∏î‡∏¢‡πÄ‡∏Ñ‡∏™‡∏°‡∏µ‡πÄ‡∏â‡∏û‡∏≤‡∏∞‡πÅ‡∏Ñ‡πà5‡∏£‡∏∏‡πà‡∏ô ‡∏î‡∏±‡∏á‡∏ô‡∏µ‡πâIPhone XIPhone 8IPhone 8+Galaxy S8G‚Ä¶
Thu Nov 01 17:31:14 +0000 2018	RT @wtobecontinued: ‡∏£‡∏≤‡∏¢‡∏•‡∏∞‡πÄ‡∏≠‡∏µ‡∏¢‡∏î‡πÄ‡∏Ñ‡∏™‡∏°‡∏≤‡πÅ‡∏ô‡πâ‡∏ß‡∏Ñ‡πà‡∏≤ ‡∏°‡∏µ‡∏ó‡∏±‡πâ‡∏á‡∏´‡∏°‡∏î8‡πÅ‡∏ö‡∏ö ‡πÄ‡∏î‡∏µ‡πà‡∏¢‡∏ß7 ‡∏£‡∏ß‡∏°1‡πÇ‡∏î‡∏¢‡πÄ‡∏Ñ‡∏™‡∏°‡∏µ‡πÄ‡∏â‡∏û‡∏≤‡∏∞‡πÅ‡∏Ñ‡πà5‡∏£‡∏∏‡πà‡∏ô ‡∏î‡∏±‡∏á‡∏ô‡∏µ‡πâIPhone XIPhone 8IPhone 8+Galaxy S8G‚Ä¶
Thu Nov 01 17:31:00 +0000 2018	RT @WONDER_MARK_: ‡∏™‡∏£‡∏∏‡∏õ‡∏Ñ‡∏≠‡∏•‡πÄ‡∏•‡∏Ñ‡∏ä‡∏±‡πà‡∏ô Hard carry of GOT7 2 X MYCT ‡∏°‡∏µ Case ‡∏°‡∏∑‡∏≠‡∏ñ‡∏∑‡∏≠‡∏ó‡∏µ‡πà‡∏≠‡∏≠‡∏Å‡πÅ‡∏ö‡∏ö‡πÇ‡∏î‡∏¢ #GOT7 8 ‡∏•‡∏≤‡∏¢ 5‡∏£‡∏∏‡πà‡∏ô ‡∏î‡∏±‡∏á‡∏ô‡∏µ‡πâIphone X, Iphone 8, Ip‚Ä¶
Thu Nov 01 17:30:40 +0000 2018	RT @ELLELEEL94: ‡∏°‡∏µ‡∏ñ‡∏∏‡∏á‡∏ã‡∏¥‡∏õ,‡πÄ‡∏Ñ‡∏™,‡πÇ‡∏õ‡∏™‡∏Å‡∏≤‡∏£‡πå‡∏î‡πÉ‡∏´‡πâ‡∏û‡∏£‡∏µ 11-18 ‡∏û‡∏¢‡πÄ‡∏£‡∏¥‡πà‡∏°‡∏à‡∏±‡∏î‡∏™‡πà‡∏á 26 ‡∏û‡∏¢.‡∏£‡∏∏‡πà‡∏ô‡∏°‡∏∑‡∏≠‡∏ñ‡∏∑‡∏≠ IPhone X, IPhone 8, IPhone 8+, Galaxy S8, Galaxy S9‡πÉ‚Ä¶
Thu Nov 01 17:30:37 +0000 2018	TIM antecipa Black Friday com ofertas de internet e promo√ß√µes do Galaxy S9 e Moto G6 Plus - https://t.co/8HBBWg0bW6 https://t.co/tZ7SsfzU44
Thu Nov 01 17:28:49 +0000 2018	Hey marques @MKBHD  you always want a stock experience in a samsung phone here it is now the android pie beta is ou‚Ä¶ https://t.co/dZx829vgw3
Thu Nov 01 17:27:08 +0000 2018	TIM antecipa Black Friday com ofertas de internet e promo√ß√µes do Galaxy S9 e Moto G6 Plus https://t.co/qRyaF4rBte
Thu Nov 01 17:25:36 +0000 2018	RT @wtobecontinued: ‡∏£‡∏≤‡∏¢‡∏•‡∏∞‡πÄ‡∏≠‡∏µ‡∏¢‡∏î‡πÄ‡∏Ñ‡∏™‡∏°‡∏≤‡πÅ‡∏ô‡πâ‡∏ß‡∏Ñ‡πà‡∏≤ ‡∏°‡∏µ‡∏ó‡∏±‡πâ‡∏á‡∏´‡∏°‡∏î8‡πÅ‡∏ö‡∏ö ‡πÄ‡∏î‡∏µ‡πà‡∏¢‡∏ß7 ‡∏£‡∏ß‡∏°1‡πÇ‡∏î‡∏¢‡πÄ‡∏Ñ‡∏™‡∏°‡∏µ‡πÄ‡∏â‡∏û‡∏≤‡∏∞‡πÅ‡∏Ñ‡πà5‡∏£‡∏∏‡πà‡∏ô ‡∏î‡∏±‡∏á‡∏ô‡∏µ‡πâIPhone XIPhone 8IPhone 8+Galaxy S8G‚Ä¶
Thu Nov 01 17:24:45 +0000 2018	I liked a @YouTube video https://t.co/EDXYHc8HvH 20+ Galaxy S9, S9+ Tips and Tricks
Thu Nov 01 17:22:41 +0000 2018	Alright fam, new cell phone time is upon me! Been considering the S9+, but what do you all think I should get? Need‚Ä¶ https://t.co/yZUchIgXzO
Thu Nov 01 17:22:24 +0000 2018	Bracketron Smartphone Additional Replacement Metal Mounting Plates works with Magnet Mounts iPhone X 8 Plus 7 SE 6s‚Ä¶ https://t.co/MIWt4lJKkb
Thu Nov 01 17:22:18 +0000 2018	I liked a @YouTube video https://t.co/tSnPOHa4b5 Galaxy S9's secret features
Thu Nov 01 17:22:07 +0000 2018	@umbrwllaa Vem aproveitar ent√£o! Acesse o link e adquira o seu Galaxy S9, te esperamos no time dos #SamsungLovers üíô
Thu Nov 01 17:22:00 +0000 2018	RT @wtobecontinued: ‡∏£‡∏≤‡∏¢‡∏•‡∏∞‡πÄ‡∏≠‡∏µ‡∏¢‡∏î‡πÄ‡∏Ñ‡∏™‡∏°‡∏≤‡πÅ‡∏ô‡πâ‡∏ß‡∏Ñ‡πà‡∏≤ ‡∏°‡∏µ‡∏ó‡∏±‡πâ‡∏á‡∏´‡∏°‡∏î8‡πÅ‡∏ö‡∏ö ‡πÄ‡∏î‡∏µ‡πà‡∏¢‡∏ß7 ‡∏£‡∏ß‡∏°1‡πÇ‡∏î‡∏¢‡πÄ‡∏Ñ‡∏™‡∏°‡∏µ‡πÄ‡∏â‡∏û‡∏≤‡∏∞‡πÅ‡∏Ñ‡πà5‡∏£‡∏∏‡πà‡∏ô ‡∏î‡∏±‡∏á‡∏ô‡∏µ‡πâIPhone XIPhone 8IPhone 8+Galaxy S8G‚Ä¶
Thu Nov 01 17:21:53 +0000 2018	RT @WONDER_MARK_: ‡∏™‡∏£‡∏∏‡∏õ‡∏Ñ‡∏≠‡∏•‡πÄ‡∏•‡∏Ñ‡∏ä‡∏±‡πà‡∏ô Hard carry of GOT7 2 X MYCT ‡∏°‡∏µ Case ‡∏°‡∏∑‡∏≠‡∏ñ‡∏∑‡∏≠‡∏ó‡∏µ‡πà‡∏≠‡∏≠‡∏Å‡πÅ‡∏ö‡∏ö‡πÇ‡∏î‡∏¢ #GOT7 8 ‡∏•‡∏≤‡∏¢ 5‡∏£‡∏∏‡πà‡∏ô ‡∏î‡∏±‡∏á‡∏ô‡∏µ‡πâIphone X, Iphone 8, Ip‚Ä¶
Thu Nov 01 17:21:15 +0000 2018	RT @androidcentral: Take full advantage of the Galaxy S9's wireless charging üîã capabilities with these excellent charging pads https://t.co‚Ä¶
Thu Nov 01 17:20:36 +0000 2018	RT @sodajaja: [Pls RT] ‡πÄ‡∏õ‡∏¥‡∏î‡∏û‡∏£‡∏µ‡πÄ‡∏Ñ‡∏™ #Got7‚Å† ‚Å†‚Å† ‚Å†‚Å† ‚Å†Hard Carry2 x MYCT‚Å†‚Å†iPhone X/7/7+/8/8+/6/6SGalaxy S9/S8/S7/S6, Note 8/9 üíô ‡πÄ‡∏Ñ‡∏™‡∏°‡∏∑‡∏≠‡∏ñ‡∏∑‡∏≠ ‡∏£‡∏≤‚Ä¶
Thu Nov 01 17:20:00 +0000 2018	RT @02950424: UPDATE üö®‡πÄ‡∏õ‡∏¥‡∏î‡∏û‡∏£‡∏µ ‡πÄ‡∏Ñ‡∏™‡∏°‡∏∑‡∏≠‡∏ñ‡∏∑‡∏≠ #GOT7 #HARDCARRY2 X MYCT iPhone X,7,8,7+,8+,6,6s / Galaxy S6 S7 S8 S9 Note8 Note9 ‡∏£‡∏≤‡∏Ñ‡∏≤ 760 GOT7‚Ä¶
Thu Nov 01 17:19:30 +0000 2018	RT @WONDER_MARK_: ‡∏™‡∏£‡∏∏‡∏õ‡∏Ñ‡∏≠‡∏•‡πÄ‡∏•‡∏Ñ‡∏ä‡∏±‡πà‡∏ô Hard carry of GOT7 2 X MYCT ‡∏°‡∏µ Case ‡∏°‡∏∑‡∏≠‡∏ñ‡∏∑‡∏≠‡∏ó‡∏µ‡πà‡∏≠‡∏≠‡∏Å‡πÅ‡∏ö‡∏ö‡πÇ‡∏î‡∏¢ #GOT7 8 ‡∏•‡∏≤‡∏¢ 5‡∏£‡∏∏‡πà‡∏ô ‡∏î‡∏±‡∏á‡∏ô‡∏µ‡πâIphone X, Iphone 8, Ip‚Ä¶
Thu Nov 01 17:18:59 +0000 2018	Querendo um galaxy s9 + ametista AAAA
Thu Nov 01 17:17:58 +0000 2018	RT @wtobecontinued: ‡∏£‡∏≤‡∏¢‡∏•‡∏∞‡πÄ‡∏≠‡∏µ‡∏¢‡∏î‡πÄ‡∏Ñ‡∏™‡∏°‡∏≤‡πÅ‡∏ô‡πâ‡∏ß‡∏Ñ‡πà‡∏≤ ‡∏°‡∏µ‡∏ó‡∏±‡πâ‡∏á‡∏´‡∏°‡∏î8‡πÅ‡∏ö‡∏ö ‡πÄ‡∏î‡∏µ‡πà‡∏¢‡∏ß7 ‡∏£‡∏ß‡∏°1‡πÇ‡∏î‡∏¢‡πÄ‡∏Ñ‡∏™‡∏°‡∏µ‡πÄ‡∏â‡∏û‡∏≤‡∏∞‡πÅ‡∏Ñ‡πà5‡∏£‡∏∏‡πà‡∏ô ‡∏î‡∏±‡∏á‡∏ô‡∏µ‡πâIPhone XIPhone 8IPhone 8+Galaxy S8G‚Ä¶
Thu Nov 01 17:17:29 +0000 2018	RT @02950424: ‡πÄ‡∏õ‡∏¥‡∏î‡∏û‡∏£‡∏µ ‡πÄ‡∏Ñ‡∏™‡∏°‡∏∑‡∏≠‡∏ñ‡∏∑‡∏≠ #GOT7 #HARDCARRY2 X MYCT iPhone X,7,8,7+,8+ Galaxy S8 S9 ‡∏£‡∏≤‡∏Ñ‡∏≤ 760 iPhone 6/6s Galaxy S6 S7 ‡∏£‡∏≤‡∏Ñ‡∏≤ 950 GOT7‚Ä¶
Thu Nov 01 17:16:49 +0000 2018	RT @sodajaja: [Pls RT] ‡πÄ‡∏õ‡∏¥‡∏î‡∏û‡∏£‡∏µ‡πÄ‡∏Ñ‡∏™ #Got7‚Å† ‚Å†‚Å† ‚Å†‚Å† ‚Å†Hard Carry2 x MYCT‚Å†‚Å†iPhone X/7/7+/8/8+/6/6SGalaxy S9/S8/S7/S6, Note 8/9 üíô ‡πÄ‡∏Ñ‡∏™‡∏°‡∏∑‡∏≠‡∏ñ‡∏∑‡∏≠ ‡∏£‡∏≤‚Ä¶
Thu Nov 01 17:15:15 +0000 2018	Huawei Mate 20 Pro - Uma mistura entre Galaxy S9 e iPhone X com uma c√¢mera que supera ambos, todas as features exis‚Ä¶ https://t.co/9Xc40En4uO
Thu Nov 01 17:14:44 +0000 2018	Galaxy S9 Plus Screen Protector [2 Pack], Amazingforless Tempered Glass Screen Protector 3D Full Coverage Curved Pr‚Ä¶ https://t.co/WoSakoSm7L
Thu Nov 01 17:14:34 +0000 2018	New on eBay :  New Samsung Galaxy S9 SM-G960 - 64GB - CORAL BLUE (GSM + AT&amp;T GLOBAL Unlocked)‚Ä¶ https://t.co/aZ1ocgI7ei
Thu Nov 01 17:13:59 +0000 2018	@SamsungBrasil tem previs√£o de chegada pro galaxy S9 em parceria com o exo que ja foi lan√ßado na coreia?
Thu Nov 01 17:13:46 +0000 2018	Samsung Galaxy J7/S7/S8/S9/N8/N9 : How To Add Unmonitored App - Helping Mind: https://t.co/4h1qwoCfIs via @YouTube
Thu Nov 01 17:13:44 +0000 2018	Mega! Galaxy S9 / S9 Plus + md Flat Allnet Comfort (Telekom-Netz) eff. kostenlos (Allnet-Flat, bis 2 GB) + 192 ‚Ç¨ Er‚Ä¶ https://t.co/OVI8EXKMkI
Thu Nov 01 17:13:02 +0000 2018	RT @ELLELEEL94: ‡∏°‡∏µ‡∏ñ‡∏∏‡∏á‡∏ã‡∏¥‡∏õ,‡πÄ‡∏Ñ‡∏™,‡πÇ‡∏õ‡∏™‡∏Å‡∏≤‡∏£‡πå‡∏î‡πÉ‡∏´‡πâ‡∏û‡∏£‡∏µ 11-18 ‡∏û‡∏¢‡πÄ‡∏£‡∏¥‡πà‡∏°‡∏à‡∏±‡∏î‡∏™‡πà‡∏á 26 ‡∏û‡∏¢.‡∏£‡∏∏‡πà‡∏ô‡∏°‡∏∑‡∏≠‡∏ñ‡∏∑‡∏≠ IPhone X, IPhone 8, IPhone 8+, Galaxy S8, Galaxy S9‡πÉ‚Ä¶
Thu Nov 01 17:11:58 +0000 2018	RT @pepijinjin: Plsrt ‚Å†Hard Carry2 x MYCT ‡πÑ‡∏≠‡πÇ‡∏ü‡∏ôX, 8,8+ ‡∏ã‡∏±‡∏°‡∏ã‡∏∏‡∏áGalaxy s8,s9 IP7, 7+ ‡πÉ‡∏™‡πà‡∏Å‡∏±‡∏ö8 ‡πÑ‡∏î‡πâ‡∏ô‡∏∞ rg720 ems750 ‡πÅ‡∏à‡πâ‡∏á‡πÄ‡∏°‡∏°‡πÄ‡∏ö‡∏≠‡πÅ‡∏•‡∏∞‡∏£‡∏∏‡πà‡∏ô,‡∏Å‡∏≤‡∏£‡∏à‡∏±‡∏î‡∏™‡πà‡∏á ‡∏õ‚Ä¶
Thu Nov 01 17:10:06 +0000 2018	RT @WONDER_MARK_: ‡∏™‡∏£‡∏∏‡∏õ‡∏Ñ‡∏≠‡∏•‡πÄ‡∏•‡∏Ñ‡∏ä‡∏±‡πà‡∏ô Hard carry of GOT7 2 X MYCT ‡∏°‡∏µ Case ‡∏°‡∏∑‡∏≠‡∏ñ‡∏∑‡∏≠‡∏ó‡∏µ‡πà‡∏≠‡∏≠‡∏Å‡πÅ‡∏ö‡∏ö‡πÇ‡∏î‡∏¢ #GOT7 8 ‡∏•‡∏≤‡∏¢ 5‡∏£‡∏∏‡πà‡∏ô ‡∏î‡∏±‡∏á‡∏ô‡∏µ‡πâIphone X, Iphone 8, Ip‚Ä¶
Thu Nov 01 17:10:01 +0000 2018	RT @poonniez: [Pls RT] ‡πÄ‡∏õ‡∏¥‡∏î‡∏û‡∏£‡∏µ‡πÄ‡∏Ñ‡∏™ #Got7‚Å† ‚Å†Hard Carry2 x MYCT ‡∏°‡∏µ‡∏£‡∏∏‡πà‡∏ô‡∏î‡∏±‡∏á‡∏ô‡∏µ‡πâ‚Å†‚Å†iPhone X/7/7+/8/8+/6/6SGalaxy S9/S8 , Note 8/9 üíô ‡πÄ‡∏Ñ‡∏™‡∏°‡∏∑‡∏≠‡∏ñ‡∏∑‡∏≠‚Ä¶
Thu Nov 01 17:09:23 +0000 2018	RT @ImEarnEarn: [PRE] #GOT7 #HardCarry2 Phonecaseüì± CASE SET : 790‡∏ø‚ù£Ô∏è Griptok : 450‡∏øü§üüèº Case + Griptok : 1,150‡∏ø- ‡∏£‡∏≤‡∏Ñ‡∏≤‡∏£‡∏ß‡∏°‡∏ó‡∏∏‡∏Å‡∏≠‡∏¢‡πà‡∏≤‡∏á‡πÅ‡∏•‡πâ‡∏ß ‡∏£‡∏ß‡∏°‚Ä¶
