Thu Nov 01 18:16:49 +0000 2018	Gostei de um vÃ­deo @YouTube https://t.co/rpiEE0l92m UM IPHONE XS MAX NA MÃQUINA DO SHOPPING?! ( mitagem )
Thu Nov 01 18:16:23 +0000 2018	RT @JJ_ouenLarme_JJ: iPhoneæ©Ÿç¨®å¤‰ã®ãŸã‚ã«å–ã‚Šç½®ãã—ã¦ã‚‚ã‚‰ã£ã¦ã‚‹ã®ã«ã¾ã æ‚©ã‚“ã§ã‚‹ğŸ˜±ã‚´ãƒ¼ãƒ«ãƒ‰ã‚‚ã„ã„ã‘ã©ã‚·ãƒ«ãƒãƒ¼ã‚‚ã„ã„ã—ã€ã‚‚ã†æ‰‹ãŒå¤§ãã„ã®ã«æ…£ã‚Œã¡ã‚ƒã£ã¦XSã˜ã‚ƒå°ã•ã„ğŸ™€è‡ªåˆ†ã®æ‰‹ã‚‚å°ã•ã„ã®ã«çŸ›ç›¾ğŸ¤£MAXã ã¨ã‚«ãƒãƒ³çµæ§‹é¸ã¶ã—ã€ã‚ãƒ¼ã‚‚ãƒ¼æ‚©ã‚€ãƒ¼ğŸ˜¥#ã‚¸ã‚§ã‚¸ãƒ¥ãƒ³â€¦
Thu Nov 01 18:16:12 +0000 2018	Ø®Ø§Øµ Ù„Ù…Ø´Ø±ÙÙŠÙ† Ù…Ù…Ù„ÙƒØ© Ø§Ù„Ù†ØµØ±Ù„ØªÙˆÙ‚Ø¹ #Ø§Ù„Ù†ØµØ±_Ø§Ù„Ø§Ù‡Ù„ÙŠ ÙˆÙƒÙ…Ø§ Ø¹ÙˆØ¯Ù†Ø§ÙƒÙ… Ø¬ÙˆØ§Ø¦Ø²Ù†Ø§ Ù‡ÙŠ Ø§Ù„Ø§Ø¶Ø®Ù…  Ø¹Ø¯Ø¯ Ø«Ù†ÙŠÙ† Ø§ÙŠÙÙˆÙ† iphone xs maxØ§ÙŠÙÙˆÙ† Ø§â€¦ https://t.co/UxTClBAj85
Thu Nov 01 18:16:05 +0000 2018	@larry_golden1 No, the juice pack air for the iPhone 8 plus is not compatible with the iPhone Xs Max.
Thu Nov 01 18:16:02 +0000 2018	#hashtag4 6D Fully covered tempered film for iphone x xs max Protective Glass on iPhone7 8 6s plus xr tempered film https://t.co/1rLCnQmhrZ
Thu Nov 01 18:15:59 +0000 2018	Come..is it just me or did #TheFlashseries get their name from iPhone...#XS #XsMax
Thu Nov 01 18:15:58 +0000 2018	#filmoramememaker #winiphonexs Help me win this iPhone Xs from Wondershare Filmora! https://t.co/KJzNBwwo2O
Thu Nov 01 18:15:46 +0000 2018	@Abdullah_iApp Ø§Ø³ØªØ§Ø° Ø¹Ø¨Ø¯Ø§Ù„Ù„Ù‡ Ø§Ù†Ø§ ØªÙ„ÙÙˆÙ†ÙŠ iPhone XS ÙˆÙ…Ø§Ø­ØµÙ„Øª Ø´Ø±ÙŠØ· Ø§Ù„ØªØ¯Ø±Ø¬
Thu Nov 01 18:15:43 +0000 2018	RT @Filmora_Editor: BIG ANNOUNCEMENT!ğŸ‰ğŸ‰ğŸ‰ We are giving away an iPhone Xs! Try the new Filmora Online Meme Maker and you could WIN! #filmoraâ€¦
Thu Nov 01 18:15:43 +0000 2018	dios amo el iphone xs, me casooo
Thu Nov 01 18:15:41 +0000 2018	RT @ajibtoo: iPhone XS Max murahğŸ’¯ OriginalğŸ’¯ PromoğŸ’¯ Trusted sellerRM 600 (inc postage)rt sampai ada orang bodoh percaya https://t.coâ€¦
Thu Nov 01 18:15:40 +0000 2018	@DroiteTjrs @WilliamArlaud @Jbl_PSG_Fan @GoogleFR Je suis dâ€™accord que le prix est excessif mais pour avoir fait Ã©nâ€¦ https://t.co/fmHFrh7VdT
Thu Nov 01 18:15:33 +0000 2018	"RT @agrewards: IPhone XS giveaway____________________â˜‘ï¸ Retweetâ˜‘ï¸ Follow usâ˜‘ï¸ Comment ""done""____________________Winner will be pickeâ€¦"
Thu Nov 01 18:15:30 +0000 2018	RT @LosRules: Â¡Huevos dÃ­as! ğŸ³Ayer anunciamos al ganador del iPhone xs, muchas gracias por participar con nosotros. ğŸ“±Siempre intentamos tâ€¦
Thu Nov 01 18:15:26 +0000 2018	got the iphone xs max. whatâ€™s the best case out there? please no otter box them shits bulky af
Thu Nov 01 18:15:26 +0000 2018	RT @ajibtoo: iPhone XS Max murahğŸ’¯ OriginalğŸ’¯ PromoğŸ’¯ Trusted sellerRM 600 (inc postage)rt sampai ada orang bodoh percaya https://t.coâ€¦
Thu Nov 01 18:14:55 +0000 2018	RT @fearmyfury: Day 726749: Snapchat still hasnâ€™t fucking fixed the zoomed in front camera on iPhone Xs Max ğŸ¤¦ğŸ¾â€â™‚ï¸
Thu Nov 01 18:14:43 +0000 2018	RT @handokotjung: ğŸ‘§ Pah beliin iPhone XS, temen-temenku hapenya bagus-bagus.ğŸ‘¨ Nak, dalam hidup ini jangan lihat ke atas terus, lihat jugaâ€¦
Thu Nov 01 18:14:42 +0000 2018	RT @moment: Vote and Win! Vote for your favorite film from our Halloween Film Festival with @368 and you could win an iPhone XS Max and $â€¦
Thu Nov 01 18:14:31 +0000 2018	RT @ajibtoo: iPhone XS Max murahğŸ’¯ OriginalğŸ’¯ PromoğŸ’¯ Trusted sellerRM 600 (inc postage)rt sampai ada orang bodoh percaya https://t.coâ€¦
Thu Nov 01 18:14:27 +0000 2018	RT @chicknamedkit: My iPhone XS Max review: wtf bitch this shit is lit Iâ€™m shook. https://t.co/SezDCQ909j
Thu Nov 01 18:14:26 +0000 2018	RT @moment: LAST CHANCE! You could win an iPhone XS Max and $5k in gear just by casting your vote: https://t.co/4lu9ETcIuE https://t.co/râ€¦
Thu Nov 01 18:14:26 +0000 2018	@mcine222 *twitter de mon iPhone XS Max 512go*
Thu Nov 01 18:14:24 +0000 2018	"RT @agrewards: X4 IPhone XS giveaway____________________â˜‘ï¸ Retweetâ˜‘ï¸ Follow usâ˜‘ï¸ Comment ""done""____________________Winner will be piâ€¦"
Thu Nov 01 18:14:10 +0000 2018	I've been having ppl tell me I should go get the iPhone XS Max. I want to see all the reasons ya'll have to convince me........ğŸ§ğŸ§ğŸ§
Thu Nov 01 18:14:08 +0000 2018	RT @Apple: à¸‚à¸­à¸•à¹‰à¸­à¸™à¸£à¸±à¸šà¸ªà¸¹à¹ˆà¹‚à¸¥à¸à¹ƒà¸«à¸¡à¹ˆà¸‚à¸­à¸‡à¸ˆà¸­à¹ƒà¸«à¸à¹ˆ iPhone XS à¹à¸¥à¸° iPhone XS Max
Thu Nov 01 18:14:08 +0000 2018	Totally free, no registration required, and very easy to use! Check Filmora Meme Maker here https://t.co/PwVL5dm2MQâ€¦ https://t.co/YrHfEkcxz9
Thu Nov 01 18:14:06 +0000 2018	RT @nakbebel: Kau nak iPhone XS,Aku nak RM6k dalam dompet aku. Tak semua sama.
Thu Nov 01 18:14:04 +0000 2018	"RT @agrewards: IPhone XS giveaway____________________â˜‘ï¸ Retweetâ˜‘ï¸ Follow usâ˜‘ï¸ Comment ""done""____________________Winner will be pickeâ€¦"
Thu Nov 01 18:14:01 +0000 2018	RT @mymartksa: Ø´Ø§Ø±Ùƒ ÙˆØ§Ø±Ø¨Ø­ Ø¢ÙŠÙÙˆÙ† iPhone XS max ğŸ‰ğŸØ´Ø±ÙˆØ· #Ø§Ù„Ù…Ø³Ø§Ø¨Ù‚Ù‡Ù…ØªØ§Ø¨Ø¹Ø© Ø­Ø³Ø§Ø¨Ù†Ø§ Ø§Ù„Ø§Ø¹Ø¬Ø§Ø¨ ÙˆØ§Ø¹Ø§Ø¯Ø© ØªØºØ±ÙŠØ¯ Ù‡Ø°Ø§ Ø§Ù„Ù…Ù†Ø´ÙˆØ± Ù…Ù†Ø´Ù† Ù„Ø£Ø­Ø¯ Ø§Ù„Ø£ØµØ¯Ù‚Ø§Ø¡ Ø§Ù„Ù…Ø´Ø§â€¦
Thu Nov 01 18:13:48 +0000 2018	RT @iTrackr_fr: InfoiDevice : Obtenez gratuitement VideoProc pour Ã©diter vos vidÃ©os pour iPhone et gagnez un iPhone XS et de nombreux lotsâ€¦
Thu Nov 01 18:13:45 +0000 2018	RT @LosRules: Â¡Huevos dÃ­as! ğŸ³Ayer anunciamos al ganador del iPhone xs, muchas gracias por participar con nosotros. ğŸ“±Siempre intentamos tâ€¦
Thu Nov 01 18:13:25 +0000 2018	RT @Winndoh: COMO GANHEI UM IPHONE XS MAX DE $1700 POR $40: https://t.co/Z7CXAE1Rry via @YouTube
Thu Nov 01 18:13:23 +0000 2018	RT @ajibtoo: iPhone XS Max murahğŸ’¯ OriginalğŸ’¯ PromoğŸ’¯ Trusted sellerRM 600 (inc postage)rt sampai ada orang bodoh percaya https://t.coâ€¦
Thu Nov 01 18:13:19 +0000 2018	Totally free, no registration required, and very easy to use! Check Filmora Meme Maker here https://t.co/q0r5ZDj4Izâ€¦ https://t.co/U9v6YJv5Eh
Thu Nov 01 18:13:14 +0000 2018	RT @PeDPiPU: à¸•à¸­à¸™à¸™à¸µà¹‰ (31 à¸•.à¸„.) à¸¡à¸µà¹à¸„à¹ˆ dtac à¹€à¸›à¸´à¸”à¹ƒà¸Šà¹‰à¹„à¸”à¹‰à¹€à¸ˆà¹‰à¸²à¹€à¸”à¸µà¸¢à¸§à¸™à¸° à¸„à¹ˆà¸²à¸¢à¸­à¸·à¹ˆà¸™à¹€à¸”à¸µà¹‹à¸¢à¸§à¹„à¸¡à¹ˆà¸à¸µà¹ˆà¸§à¸±à¸™à¸à¹‡à¸„à¸‡à¸•à¸²à¸¡à¸à¸±à¸™à¸¡à¸²à¸¡à¸·à¸­à¸–à¸·à¸­à¸•à¹‰à¸­à¸‡à¸¡à¸µ eSIM à¸à¸±à¸‡à¹„à¸§à¹‰à¸à¹ˆà¸­à¸™à¸–à¸¶à¸‡à¹ƒà¸Šà¹‰à¹„à¸”à¹‰â€¦
Thu Nov 01 18:13:10 +0000 2018	@DebRyanShow #Rayito 3.0 regÃ¡lame un iPhone XS
Thu Nov 01 18:12:53 +0000 2018	RT @kinsei______: Ã‰NORME CONCOURS LES GARS !!! RT et follow moi ! TAS a NoÃ«l ğŸ„ Je fais gagnÃ© un IPhone XS, argent, 64go ! Avec une coquâ€¦
Thu Nov 01 18:12:52 +0000 2018	RT @SHestderetour: Hier soir, je sors en boite.Â«Â Une chance pour la FranceÂ Â» me demande mon portable avec son langage feutrÃ©, comme Ã  lâ€™acâ€¦
Thu Nov 01 18:12:36 +0000 2018	Eu queria ser rico e dar R$ 9.998,00 em um iPhone Xs MAX
Thu Nov 01 18:12:34 +0000 2018	RT @ajibtoo: iPhone XS Max murahğŸ’¯ OriginalğŸ’¯ PromoğŸ’¯ Trusted sellerRM 600 (inc postage)rt sampai ada orang bodoh percaya https://t.coâ€¦
Thu Nov 01 18:12:29 +0000 2018	can someone make this into an iphone xs max lock screen for me PLEASE https://t.co/LFDRqTrg2P
Thu Nov 01 18:12:22 +0000 2018	I liked a @YouTube video https://t.co/AZnnpxIKWI ØªØ­Ø¯ÙŠ Ø§Ù„ØªÙˆØ£Ù…! - iPhone XS VS Samsung Face ID Test
Thu Nov 01 18:12:20 +0000 2018	RT @DebRyanShow: Te Regalo 5 iPhone XS | Giveaway | #Rayito 3.0 ğŸ€ğŸ“± ğŸ“± ğŸ“± ğŸ“± ğŸ“±â–ºREGLAS PARA PARTICIPAR En Todas las Redes Sociales.âœ…â–º 1: Susâ€¦
Thu Nov 01 18:12:20 +0000 2018	RT @ajibtoo: iPhone XS Max murahğŸ’¯ OriginalğŸ’¯ PromoğŸ’¯ Trusted sellerRM 600 (inc postage)rt sampai ada orang bodoh percaya https://t.coâ€¦
Thu Nov 01 18:12:18 +0000 2018	RT @SUPERSONIC4k: When I said Iâ€™m getting an X, I actually meant this. the iPhone XS. Sorry for not being clear enough with my tweet. httpsâ€¦
Thu Nov 01 18:12:18 +0000 2018	ÙŠØ§Ø±Ø¨ Ø§Ø±Ø²Ù‚Ù†ÙŠ iphone xs max Ù†ÙØ³ÙŠ ÙÙŠÙŠÙŠÙŠÙŠÙŠÙ‡ #ØºØ±Ø¯_Ø¨Ø§Ø³ØªØºÙØ§Ø±_Ø§Ùˆ_ØªØ³Ø¨ÙŠØ­
Thu Nov 01 18:12:12 +0000 2018	RT @BaywestmallPE: How would you like to WIN yourself a brand new iPhone Xs &amp; Apple Watch Series 4, to the value of R30 000? All you need tâ€¦
Thu Nov 01 18:11:45 +0000 2018	I liked a @YouTube video https://t.co/4ZJSEBMJK2 Honor 8x - BETTER than iPhone XS!
Thu Nov 01 18:11:45 +0000 2018	RT @kinsei______: Ã‰NORME CONCOURS LES GARS !!! RT et follow moi ! TAS a NoÃ«l ğŸ„ Je fais gagnÃ© un IPhone XS, argent, 64go ! Avec une coquâ€¦
Thu Nov 01 18:11:44 +0000 2018	@JohnLegere Iâ€™d buy an iPhone Xs max #TMobileONE
Thu Nov 01 18:11:37 +0000 2018	RT @kinsei______: Ã‰NORME CONCOURS LES GARS !!! RT et follow moi ! TAS a NoÃ«l ğŸ„ Je fais gagnÃ© un IPhone XS, argent, 64go ! Avec une coquâ€¦
Thu Nov 01 18:11:32 +0000 2018	RT @kinsei______: Ã‰NORME CONCOURS LES GARS !!! RT et follow moi ! TAS a NoÃ«l ğŸ„ Je fais gagnÃ© un IPhone XS, argent, 64go ! Avec une coquâ€¦
Thu Nov 01 18:11:26 +0000 2018	@DebRyanShow @LuisitoComunica @AlexXxStrecci @joe_trouble @alexjuxx #Rayito 3.0 regÃ¡lame un iPhone XS
Thu Nov 01 18:11:25 +0000 2018	RT @Apple: Meet the new generation of iPhone: iPhone XR, iPhone XS and iPhone XS Max.
Thu Nov 01 18:11:22 +0000 2018	RT @ajibtoo: iPhone XS Max murahğŸ’¯ OriginalğŸ’¯ PromoğŸ’¯ Trusted sellerRM 600 (inc postage)rt sampai ada orang bodoh percaya https://t.coâ€¦
Thu Nov 01 18:11:19 +0000 2018	Mon ventre chÃ© pas ce qu'il a mais j'vous promets qu'il a un stockage de triple 32 Go d'iPhone Xs.
Thu Nov 01 18:11:15 +0000 2018	RT @taokaenoi_club: #à¹€à¸–à¹‰à¸²à¹à¸à¹ˆà¸™à¹‰à¸­à¸¢ à¹à¸ˆà¸iPhone XS Maxà¸à¹ˆà¸­à¸™à¹ƒà¸„à¸£!!à¹à¸ˆà¸à¸—à¸¸à¸à¸§à¸±à¸™ à¸§à¸±à¸™à¸¥à¸°2à¹€à¸„à¸£à¸·à¹ˆà¸­à¸‡ à¸£à¸§à¸¡30à¹€à¸„à¸£à¸·à¹ˆà¸­à¸‡!!- à¸‹à¸·à¹‰à¸­à¸ªà¸²à¸«à¸£à¹ˆà¸²à¸¢à¹€à¸–à¹‰à¸²à¹à¸à¹ˆà¸™à¹‰à¸­à¸¢ à¸„à¸£à¸š99à¸¿/à¹ƒà¸šà¹€à¸ªà¸£à¹‡à¸ˆ à¹€â€¦
Thu Nov 01 18:11:11 +0000 2018	RT @PeDPiPU: à¸•à¸­à¸™à¸™à¸µà¹‰ (31 à¸•.à¸„.) à¸¡à¸µà¹à¸„à¹ˆ dtac à¹€à¸›à¸´à¸”à¹ƒà¸Šà¹‰à¹„à¸”à¹‰à¹€à¸ˆà¹‰à¸²à¹€à¸”à¸µà¸¢à¸§à¸™à¸° à¸„à¹ˆà¸²à¸¢à¸­à¸·à¹ˆà¸™à¹€à¸”à¸µà¹‹à¸¢à¸§à¹„à¸¡à¹ˆà¸à¸µà¹ˆà¸§à¸±à¸™à¸à¹‡à¸„à¸‡à¸•à¸²à¸¡à¸à¸±à¸™à¸¡à¸²à¸¡à¸·à¸­à¸–à¸·à¸­à¸•à¹‰à¸­à¸‡à¸¡à¸µ eSIM à¸à¸±à¸‡à¹„à¸§à¹‰à¸à¹ˆà¸­à¸™à¸–à¸¶à¸‡à¹ƒà¸Šà¹‰à¹„à¸”à¹‰â€¦
Thu Nov 01 18:11:10 +0000 2018	@DebRyanShow #Rayito 3.0 regÃ¡lame un iPhone XS
Thu Nov 01 18:10:59 +0000 2018	iOS 12.1 trae Dual SIM a los iPhone de 2018: Todo lo que debes saber https://t.co/NK0QRnJw6K https://t.co/0pPqIyaJMY
Thu Nov 01 18:10:43 +0000 2018	Me: â€œIâ€™m never upgrading, I canâ€™t imagine a phone without a home button! Face identification is excessiveâ€Also me,â€¦ https://t.co/vyI4ePWkmz
Thu Nov 01 18:10:18 +0000 2018	RT @ajibtoo: iPhone XS Max murahğŸ’¯ OriginalğŸ’¯ PromoğŸ’¯ Trusted sellerRM 600 (inc postage)rt sampai ada orang bodoh percaya https://t.coâ€¦
Thu Nov 01 18:10:15 +0000 2018	RT @ajibtoo: iPhone XS Max murahğŸ’¯ OriginalğŸ’¯ PromoğŸ’¯ Trusted sellerRM 600 (inc postage)rt sampai ada orang bodoh percaya https://t.coâ€¦
Thu Nov 01 18:10:11 +0000 2018	RT @ajibtoo: iPhone XS Max murahğŸ’¯ OriginalğŸ’¯ PromoğŸ’¯ Trusted sellerRM 600 (inc postage)rt sampai ada orang bodoh percaya https://t.coâ€¦
Thu Nov 01 18:10:05 +0000 2018	#Ø£Ø®Ø¨Ø§Ø±_ØªÙ‚Ù†ÙŠØ©_SaudiCallerhttps://t.co/aPlZ1T58LrØ§Ø¨Ù„ ØªØ·Ø±Ø­iOS 12.1Ø¹Ø§Ù„Ø¬ Ø§Ù„ØªØ­Ø¯ÙŠØ« Ø§Ù„Ø¹ÙŠÙˆØ¨ Ø§Ù„ØªÙ‰ Ø¬Ø§Ø¡Øª ÙÙ‰ iOS 12 Ù…Ø«Ù„ Ø¹Ø¯Ù…â€¦ https://t.co/5ku1rgJMJk
Thu Nov 01 18:09:26 +0000 2018	#Win an iPhone XS here &gt; https://t.co/HfS7znSAXF #giveaway
Thu Nov 01 18:09:26 +0000 2018	Want to win SENA Cases iPhone Xs Giveaway Enter to win: iPhone Xs in Space? I just entered to win and you can too. https://t.co/6KdikweUMd
Thu Nov 01 18:09:19 +0000 2018	Normalement si y a aucun problÃ¨me, iphone Xs ou Xr en main demain matin.ğŸ˜‰
Thu Nov 01 18:09:18 +0000 2018	Nao vai ter eu com um IPhone XS/XS Max atÃ© o meu aniversÃ¡rio https://t.co/ecQ3MK31bJ
Thu Nov 01 18:08:43 +0000 2018	RT @mymartksa: Ø´Ø§Ø±Ùƒ ÙˆØ§Ø±Ø¨Ø­ Ø¢ÙŠÙÙˆÙ† iPhone XS max ğŸ‰ğŸØ´Ø±ÙˆØ· #Ø§Ù„Ù…Ø³Ø§Ø¨Ù‚Ù‡Ù…ØªØ§Ø¨Ø¹Ø© Ø­Ø³Ø§Ø¨Ù†Ø§ Ø§Ù„Ø§Ø¹Ø¬Ø§Ø¨ ÙˆØ§Ø¹Ø§Ø¯Ø© ØªØºØ±ÙŠØ¯ Ù‡Ø°Ø§ Ø§Ù„Ù…Ù†Ø´ÙˆØ± Ù…Ù†Ø´Ù† Ù„Ø£Ø­Ø¯ Ø§Ù„Ø£ØµØ¯Ù‚Ø§Ø¡ Ø§Ù„Ù…Ø´Ø§â€¦
Thu Nov 01 18:08:43 +0000 2018	RT @rlabelle: iPhone XS' industry-first A12 chip gives Apple big advantage over rivals https://t.co/PkPvV2aY2S via @CNET
Thu Nov 01 18:08:41 +0000 2018	@DebRyanShow  â–º Te Regala  5 iPhone XS | Sorteo Internacional | Giveaway | #Rayito 3.0 https://t.co/U5QApDoAaB vÃ­a @YouTube #Rayito3
Thu Nov 01 18:08:41 +0000 2018	RT @ajibtoo: iPhone XS Max murahğŸ’¯ OriginalğŸ’¯ PromoğŸ’¯ Trusted sellerRM 600 (inc postage)rt sampai ada orang bodoh percaya https://t.coâ€¦
Thu Nov 01 18:08:40 +0000 2018	RT @sayyidahumai: Harga 1 Iphone XS Max , dah boleh beli nasi lemak selama 19 tahun ğŸ˜‚ https://t.co/IKm78BjL2O
Thu Nov 01 18:08:30 +0000 2018	RT @hoodopulence: The iPhone XS Max loud AF. Canâ€™t be discreet at all.
Thu Nov 01 18:08:20 +0000 2018	RT @ePandu: More people have called me to enquire about buying the OnePlus 6 and 6T this year than iPhone XS/XR. Thatâ€™s saying a lot. OnePlâ€¦
Thu Nov 01 18:08:20 +0000 2018	RT @MoriMurando: comprar um iphone xsou uma casa prÃ³priaeis a questÃ£o https://t.co/2YIkkiMwE1
Thu Nov 01 18:08:16 +0000 2018	RT @ajibtoo: iPhone XS Max murahğŸ’¯ OriginalğŸ’¯ PromoğŸ’¯ Trusted sellerRM 600 (inc postage)rt sampai ada orang bodoh percaya https://t.coâ€¦
Thu Nov 01 18:08:09 +0000 2018	IPHONE XS Ğ¾Ğ±Ğ·Ğ¾Ñ€ - Ğ²Ğ¿ĞµÑ‡Ğ°Ñ‚Ğ»ĞµĞ½Ğ¸Ğµ Ğ¿Ğ¾ÑĞ»Ğµ android https://t.co/sqV6Z1zZw8 Ñ Ğ¿Ğ¾Ğ¼Ğ¾Ñ‰ÑŒÑ @YouTube
Thu Nov 01 18:08:04 +0000 2018	RT @ajibtoo: iPhone XS Max murahğŸ’¯ OriginalğŸ’¯ PromoğŸ’¯ Trusted sellerRM 600 (inc postage)rt sampai ada orang bodoh percaya https://t.coâ€¦
Thu Nov 01 18:07:55 +0000 2018	RT @ajibtoo: iPhone XS Max murahğŸ’¯ OriginalğŸ’¯ PromoğŸ’¯ Trusted sellerRM 600 (inc postage)rt sampai ada orang bodoh percaya https://t.coâ€¦
Thu Nov 01 18:07:53 +0000 2018	iPad 6thã§æ’®ã£ãŸiPhone XS Maxã¨Apple Watch Series4Appleãƒ‡ãƒã‚¤ã‚¹ã®ä½•ãŒã„ã„ã‹ã£ã¦iPadã§æ’®ã£ãŸå†™çœŸã‚’åˆ¥ã®Appleãƒ‡ãƒã‚¤ã‚¹ã§ã‚‚è¦‹ã‚Œã‚‹ã®ãŒæœ¬å½“ã«è‰¯ã„ https://t.co/fnCKw2IAdN
Thu Nov 01 18:07:49 +0000 2018	RT @ajibtoo: iPhone XS Max murahğŸ’¯ OriginalğŸ’¯ PromoğŸ’¯ Trusted sellerRM 600 (inc postage)rt sampai ada orang bodoh percaya https://t.coâ€¦
Thu Nov 01 18:07:44 +0000 2018	"RT @agrewards: X4 IPhone XS giveaway____________________â˜‘ï¸ Retweetâ˜‘ï¸ Follow usâ˜‘ï¸ Comment ""done""____________________Winner will be piâ€¦"
Thu Nov 01 18:07:39 +0000 2018	The iPhone XS Max loud AF. Canâ€™t be discreet at all.
Thu Nov 01 18:07:36 +0000 2018	Wireless charging for the IPhone XS Max in my truck is amazing
Thu Nov 01 18:07:29 +0000 2018	RT @luca_agostinho: que IPhone Xs oq, sonho de consumo Ã© que a minha sala jogasse vÃ´lei igual o 3A
Thu Nov 01 18:07:26 +0000 2018	@mojokdotco Kalo masih ada ginjalnya mantep tuh bisa dibeliin iPhone xs
Thu Nov 01 18:07:20 +0000 2018	RT @Ittousai_ej: ç™ºè¡¨ä¼šã§å”çªã«iPhone XSã¨æ¯”è¼ƒã—ã¦ä¸€æ–¹çš„ã«å‹åˆ©å®£è¨€ã—ãŸã‚ã‚Šã«ã€å‡ºè·ã«ã¯é–“ã«åˆã‚ãªã‹ã£ãŸPixel 3ã®å¤œé–“ãƒ¢ãƒ¼ãƒ‰Night Sightã€‚ã‚ãã¾ã§ãƒªãƒªãƒ¼ã‚¹å‰ç‰ˆã«ã‚ˆã‚‹å‚è€ƒã§ã™ãŒã€åŠä¿¡åŠç–‘ã§XSã¨æ’®ã‚Šæ¯”ã¹ãŸçµæœãŒã“ã¡ã‚‰ã§ã™ã€‚ç¢ºã‹ã«ã“ã‚Œã¯ãˆãã„â€¦
Thu Nov 01 18:07:13 +0000 2018	RT @TypicalMsian: If you're looking to get the new iPhone XS/XS Max at a much cheaper price compared to retail, DM @esteehengg. The phone iâ€¦
Thu Nov 01 18:07:09 +0000 2018	RT @ajibtoo: iPhone XS Max murahğŸ’¯ OriginalğŸ’¯ PromoğŸ’¯ Trusted sellerRM 600 (inc postage)rt sampai ada orang bodoh percaya https://t.coâ€¦
