Thu Nov 01 18:12:58 +0000 2018	RT @rtve: Ryanair ya cobra por subir una maleta de mano de hasta 10 kilos en la cabina del avi√≥n @telediario_tve https://t.co/DgpWvX9zp4 ht‚Ä¶
Thu Nov 01 18:12:57 +0000 2018	Si viajas con Ryanair, a partir de hoy tienes que pagar por la maleta de mano -  https://t.co/s3CiN4qBzE
Thu Nov 01 18:12:52 +0000 2018	RT @lindependant: Sur Ryanair, le bagage cabine est d√©sormais payant et peut co√ªter jusqu'√† 25 euros https://t.co/BDEXYuKe8O
Thu Nov 01 18:12:48 +0000 2018	RT @JeremyVineOn5: Ryanair's brought in yet another charge, this time for every bag other than a handbag. Passengers are not best pleased -‚Ä¶
Thu Nov 01 18:12:43 +0000 2018	RT @owenjoeblewitt: Funny how Ryanair can take you to another country for ¬£9.99 but an eight minute taxi costs me around ¬£11.60
Thu Nov 01 18:12:40 +0000 2018	Ryanair me debe dinero.
Thu Nov 01 18:12:37 +0000 2018	@Blickch Der #RyanMax Rucksack ist ein neue Handgep√§ck f√ºr @Ryanair und @WizzAir Fl√ºge. Gr√∂√üe 40x25x20 cm. Verf√ºgba‚Ä¶ https://t.co/ISs2mRDAmw
Thu Nov 01 18:12:30 +0000 2018	Ryanair to add six routes from Luton over winter season  https://t.co/sEwcvMDyTo https://t.co/ClbTOkFLi6
Thu Nov 01 18:12:27 +0000 2018	Ryanair cobra desde hoy por el equipaje de man0  @lavanguardia https://t.co/kE8dgXEA9v
Thu Nov 01 18:12:26 +0000 2018	RT @Tremenoventi: Madonna ryanair tra poco mette il pilota all‚Äôingresso che ti chiede se gli presti 15 euro
Thu Nov 01 18:12:21 +0000 2018	Whatever next @Ryanair charge us to use the 'Reading light' ffs https://t.co/z62KOOMVzy
Thu Nov 01 18:12:17 +0000 2018	RT @a_jongerius: De #piloten hebben @Ryanair op de knie√´n gekregen. Lokaal recht geldt zegt de rechter. Nu overal in #Europa! @VNVPresident‚Ä¶
Thu Nov 01 18:12:17 +0000 2018	RT @Tremenoventi: Madonna ryanair tra poco mette il pilota all‚Äôingresso che ti chiede se gli presti 15 euro
Thu Nov 01 18:12:16 +0000 2018	@GHoskii Yo ya pagu√© la semana pasada... As√≠ q eso a desde hoy... #ryanair @Ryanair_ES timadores!!!
Thu Nov 01 18:12:15 +0000 2018	RT @el_pais: Desde hoy, si viajas con Ryanair tienes que pagar por la maleta de mano https://t.co/jvS1Uj0F3R
Thu Nov 01 18:12:14 +0000 2018	I veckan √§r det premi√§r f√∂r fyra nya rutter fr√•n Skavsta. https://t.co/99AY7nsXjl
Thu Nov 01 18:12:10 +0000 2018	@Wormdogg @Ryanair @Si Awe feeling the football love here
Thu Nov 01 18:12:07 +0000 2018	@Ryanair Tengo mi billete comprado desde hace tiempo y ahora me quereis cobrar por dos maletas de mano???? Vaya pan‚Ä¶ https://t.co/R8k02J6SOR
Thu Nov 01 18:12:02 +0000 2018	Tra poco ryanair tra poco mette il pilota all‚Äôingresso che ti chiede se gli presti 15 euro
Thu Nov 01 18:11:59 +0000 2018	RT @RubenSanchezTW: Italia no permitir√° a Ryanair y a Wizz Air cobrar por el equipaje de mano. Pero en Espa√±a, como siempre, las grandes em‚Ä¶
Thu Nov 01 18:11:59 +0000 2018	RT @Tremenoventi: Madonna ryanair tra poco mette il pilota all‚Äôingresso che ti chiede se gli presti 15 euro
Thu Nov 01 18:11:58 +0000 2018	RT @Tremenoventi: Madonna ryanair tra poco mette il pilota all‚Äôingresso che ti chiede se gli presti 15 euro
Thu Nov 01 18:11:53 +0000 2018	"Ryanair kabin bagajlarƒ±ndan √ºcret mi aldƒ± tartƒ±≈ümasƒ± yapƒ±lacaƒüƒ±na ""nasƒ±l ƒ±rkcƒ±lƒ±k yaptƒ± "" onu konu≈üalƒ±m... https://t.co/X4T3crwbZW"
Thu Nov 01 18:11:50 +0000 2018	Opmerkelijke reactie van Ryanair: ‚ÄúAls crewleden liever kiezen voor een ontslagregeling dan zullen we die keuze res‚Ä¶ https://t.co/OJxhWyokKh
Thu Nov 01 18:11:49 +0000 2018	RT @haveigotnews: Live pictures as Ryanair unveils its new luggage allowance system: https://t.co/PfBXX3W4mv
Thu Nov 01 18:11:49 +0000 2018	"::::::::::::::::::::::::::::::::::::::::::::::::::::::::::::::::::::::::::::::::::Bagagli su Ryanair ""No al supple‚Ä¶ https://t.co/DlhSmSVIMK"
Thu Nov 01 18:11:47 +0000 2018	RT @Tremenoventi: Madonna ryanair tra poco mette il pilota all‚Äôingresso che ti chiede se gli presti 15 euro
Thu Nov 01 18:11:46 +0000 2018	RT @Tremenoventi: Madonna ryanair tra poco mette il pilota all‚Äôingresso che ti chiede se gli presti 15 euro
Thu Nov 01 18:11:42 +0000 2018	@pguk10 @Ryanair @easyJet TBF every airline outclasses @Ryanair.They don't do class.Ever.
Thu Nov 01 18:11:40 +0000 2018	@felixaltafulla Mentira! Me voy a Mil√°n en nochevieja! Y he pagado por mi equipaje de mano #ryanair @Ryanair_ES
Thu Nov 01 18:11:40 +0000 2018	@Ryanair Thanks, D21BHT
Thu Nov 01 18:11:38 +0000 2018	Antitrust: illegittimo il supplemento del bagaglio a mano delle compagnie low-cost https://t.co/15op4QUEmb sosp‚Ä¶ https://t.co/UPd3tA8zDK
Thu Nov 01 18:11:34 +0000 2018	@Ryanair This would be for my lovely Partner Lisa. Tweeting this on board your Gatwick to Cork flight that‚Äôs just after landing üõ´‚úàÔ∏èüõ¨üëåüèª
Thu Nov 01 18:11:34 +0000 2018	RT @Tremenoventi: Madonna ryanair tra poco mette il pilota all‚Äôingresso che ti chiede se gli presti 15 euro
Thu Nov 01 18:11:31 +0000 2018	RT @haveigotnews: Live pictures as Ryanair unveils its new luggage allowance system: https://t.co/PfBXX3W4mv
Thu Nov 01 18:11:21 +0000 2018	RT @Tremenoventi: Madonna ryanair tra poco mette il pilota all‚Äôingresso che ti chiede se gli presti 15 euro
Thu Nov 01 18:11:21 +0000 2018	"""#RyanAir zet sluiting #Eindhoven door ondanks verbod rechter"" - https://t.co/duSkBDkxdM. Precies dit soort acties‚Ä¶ https://t.co/ZgcUznGC3F"
Thu Nov 01 18:11:16 +0000 2018	RT @haveigotnews: Live pictures as Ryanair unveils its new luggage allowance system: https://t.co/PfBXX3W4mv
Thu Nov 01 18:11:11 +0000 2018	@Ryanair I would give it to @terrier_sian ( the first follower that appeared when I typed @si )
Thu Nov 01 18:11:03 +0000 2018	Ryanair's new hand luggage rules criticised heavily on social media https://t.co/ujmAF0ssbF
Thu Nov 01 18:11:00 +0000 2018	RT @luchtvaart: Minister Koolmees doet oproep aan Ryanair https://t.co/hfTYjQDrcO https://t.co/m1TODTcnVN
Thu Nov 01 18:11:00 +0000 2018	Me aburr√≠s m√°s que un vuelo en ryanair.
Thu Nov 01 18:10:59 +0000 2018	RT @haveigotnews: Live pictures as Ryanair unveils its new luggage allowance system: https://t.co/PfBXX3W4mv
Thu Nov 01 18:10:50 +0000 2018	RT @Tremenoventi: Madonna ryanair tra poco mette il pilota all‚Äôingresso che ti chiede se gli presti 15 euro
Thu Nov 01 18:10:47 +0000 2018	RT @Tremenoventi: Madonna ryanair tra poco mette il pilota all‚Äôingresso che ti chiede se gli presti 15 euro
Thu Nov 01 18:10:46 +0000 2018	"J'aime une vid√©o @YouTube¬†: ""Je sais pas si t'as vu... Ryanair fait tout payer"" √† l'adresse https://t.co/WJEw5Qz7HW."
Thu Nov 01 18:10:45 +0000 2018	@karenlouiseb @Ryanair The stamp needs a separate ticket
Thu Nov 01 18:10:43 +0000 2018	RT @europapress: Ryanair y Wizz Air tienen a partir de hoy nueva pol√≠tica de equipaje de mano. Estas son las claves üëúüëá https://t.co/t7zGdYZ‚Ä¶
Thu Nov 01 18:10:41 +0000 2018	RT @jatirado: Ryanair comienza a cobrar ocho euros por subir maletas peque√±as a la cabina https://t.co/EaMgJ9vDVD https://t.co/98XtN5NJuG
Thu Nov 01 18:10:40 +0000 2018	@wordmancopy @Ryanair Ha!
Thu Nov 01 18:10:39 +0000 2018	Ryanair incumple la normativa espa√±ola que proh√≠be cobrar por el equipaje de mano https://t.co/DjPvI4Zu18 v√≠a @eldiarioes
Thu Nov 01 18:10:39 +0000 2018	RT @MENnewsdesk: Ryanair has changed its baggage policy for flights again https://t.co/JLNki2hOLh
Thu Nov 01 18:10:32 +0000 2018	@EasyWithAces @Aevolid @Ryanair You can still bring in a laptop no problem I believe
Thu Nov 01 18:10:32 +0000 2018	‚úàüíµ ¬°Cobrar√°n ocho euros por una maleta de menos de 10 kilos de peso! https://t.co/CSHYdvoFYI
Thu Nov 01 18:10:28 +0000 2018	Ryanair kabin bagajlarƒ±ndan √ºcret almaya ba≈üladƒ±, T√ºrkiye'de durum ne? https://t.co/qiiQEaSVsI
Thu Nov 01 18:10:25 +0000 2018	RT @owenjoeblewitt: Funny how Ryanair can take you to another country for ¬£9.99 but an eight minute taxi costs me around ¬£11.60
Thu Nov 01 18:10:23 +0000 2018	@Ryanair If I win, I would like you to shove it up Michael O‚ÄôLeary‚Äôs arse. Thanks
Thu Nov 01 18:10:22 +0000 2018	Desde hoy?? Yo vol√© a #Copenhagen la semana pasada y pague por la maleta de mano #ryanair @Ryanair_ES
Thu Nov 01 18:10:18 +0000 2018	RT @RubenSanchezTW: Italia no permitir√° a Ryanair y a Wizz Air cobrar por el equipaje de mano. Pero en Espa√±a, como siempre, las grandes em‚Ä¶
Thu Nov 01 18:10:10 +0000 2018	@Ryanair boarding pass says seat assigned at gate. No help from livechat or call centre
Thu Nov 01 18:10:07 +0000 2018	RT @RubenSanchezTW: Italia no permitir√° a Ryanair y a Wizz Air cobrar por el equipaje de mano. Pero en Espa√±a, como siempre, las grandes em‚Ä¶
Thu Nov 01 18:10:04 +0000 2018	@Skyscanner_FR @Ryanair Le sac √† dos #RyanMax est un bagage √† main pour les vols @Ryanair et @WizzAir. Taille 40x25‚Ä¶ https://t.co/mDTSkUXzNr
Thu Nov 01 18:10:02 +0000 2018	RT @haveigotnews: Live pictures as Ryanair unveils its new luggage allowance system: https://t.co/PfBXX3W4mv
Thu Nov 01 18:10:00 +0000 2018	RT @a_jongerius: De #piloten hebben @Ryanair op de knie√´n gekregen. Lokaal recht geldt zegt de rechter. Nu overal in #Europa! @VNVPresident‚Ä¶
Thu Nov 01 18:09:57 +0000 2018	RT @RubenSanchezTW: Italia no permitir√° a Ryanair y a Wizz Air cobrar por el equipaje de mano. Pero en Espa√±a, como siempre, las grandes em‚Ä¶
Thu Nov 01 18:09:52 +0000 2018	RT @Tremenoventi: Madonna ryanair tra poco mette il pilota all‚Äôingresso che ti chiede se gli presti 15 euro
Thu Nov 01 18:09:40 +0000 2018	RT @haveigotnews: Live pictures as Ryanair unveils its new luggage allowance system: https://t.co/PfBXX3W4mv
Thu Nov 01 18:09:37 +0000 2018	Si viajas con Ryanair, a partir de hoy tienes que pagar por la maleta de mano | Econom√≠a | EL PA√çS https://t.co/x5DiTxKi8R
Thu Nov 01 18:09:35 +0000 2018	RT @haveigotnews: Live pictures as Ryanair unveils its new luggage allowance system: https://t.co/PfBXX3W4mv
Thu Nov 01 18:09:33 +0000 2018	RT @owenjoeblewitt: Funny how Ryanair can take you to another country for ¬£9.99 but an eight minute taxi costs me around ¬£11.60
Thu Nov 01 18:09:30 +0000 2018	Esta es la carta dirigida por 5 ministros de trabajo de la Uni√≥n Europea a Michael O'Leary, CEO de #Ryanair, advirt‚Ä¶ https://t.co/zvJ9ZD7R2k
Thu Nov 01 18:09:27 +0000 2018	RT @Independent: Ryanair's new hand luggage rules criticised heavily on social media https://t.co/b4xNfxQBbc
Thu Nov 01 18:09:19 +0000 2018	Ryanair incumple la normativa espa√±ola que proh√≠be cobrar por el equipaje de mano https://t.co/3itutnrQKz v√≠a @eldiarioes
Thu Nov 01 18:09:12 +0000 2018	"""to help avoid delays"" @Ryanair? This was the efficiency of your policy in Stansted last Sunday when your baggage t‚Ä¶ https://t.co/VzgF7ssd33"
Thu Nov 01 18:09:10 +0000 2018	Two RyanAir passenger planes almost collided in mid-air when they flew  over  Spain.Pilots took evasive action on‚Ä¶ https://t.co/FmMWlWm5KS
Thu Nov 01 18:09:06 +0000 2018	Yo vuelo a Mil√°n en nocheviaja con #ryanair y he pagado por el equipaje de mano. As√≠ q Italia tb cobra.... #maleta @Ryanair_ES
Thu Nov 01 18:09:04 +0000 2018	RT @Ryanair: ‚è∞ Competition Time ‚è∞With our Winter inflight magazine launching on board today, we have a bottle of cover star Giorgio Arman‚Ä¶
Thu Nov 01 18:08:57 +0000 2018	RT @info_anpav: #Ryanair - FIT CISL, ANPAC and #ANPAV signed the CLA for Ryanair employed #CabinCrew based in any Italian base.~~~On 17‚Ä¶
Thu Nov 01 18:08:57 +0000 2018	RT @RubenSanchezTW: Italia no permitir√° a Ryanair y a Wizz Air cobrar por el equipaje de mano. Pero en Espa√±a, como siempre, las grandes em‚Ä¶
Thu Nov 01 18:08:48 +0000 2018	RT @haveigotnews: Live pictures as Ryanair unveils its new luggage allowance system: https://t.co/PfBXX3W4mv
Thu Nov 01 18:08:46 +0000 2018	RT @BFMTV: Ryanair fait d√©sormais payer un suppl√©ment pour les bagages en cabines https://t.co/12cL7Rd98X
Thu Nov 01 18:08:41 +0000 2018	Niederlande: Gericht verbietet Ryanair Verlegung von Piloten https://t.co/IsQswIPUOF via @SPIEGELONLINE
Thu Nov 01 18:08:33 +0000 2018	RT @owenjoeblewitt: Funny how Ryanair can take you to another country for ¬£9.99 but an eight minute taxi costs me around ¬£11.60
Thu Nov 01 18:08:27 +0000 2018	@Wormdogg https://t.co/BTqViWXtLM
Thu Nov 01 18:08:24 +0000 2018	RT @Tremenoventi: Madonna ryanair tra poco mette il pilota all‚Äôingresso che ti chiede se gli presti 15 euro
Thu Nov 01 18:08:19 +0000 2018	@lammert @Ryanair Ik zou omboeken naar een andere maatschappij. Te veel gedoe
Thu Nov 01 18:08:12 +0000 2018	RT @ElkeCyprus: Ryanair - Italiens Kartellbeh√∂rde stoppt neue Handgep√§ck-Regeln https://t.co/vM0ABGLIyG
Thu Nov 01 18:08:09 +0000 2018	RT @informacion_es: Ryanair comienza hoy a cobrar por el equipaje de mano https://t.co/991CrW3hG8
Thu Nov 01 18:08:07 +0000 2018	@Ryanair @Ryanair
Thu Nov 01 18:08:06 +0000 2018	RT @Tremenoventi: Madonna ryanair tra poco mette il pilota all‚Äôingresso che ti chiede se gli presti 15 euro
Thu Nov 01 18:08:03 +0000 2018	RT @Tremenoventi: Madonna ryanair tra poco mette il pilota all‚Äôingresso che ti chiede se gli presti 15 euro
Thu Nov 01 18:08:00 +0000 2018	RT @owenjoeblewitt: Funny how Ryanair can take you to another country for ¬£9.99 but an eight minute taxi costs me around ¬£11.60
Thu Nov 01 18:08:00 +0000 2018	RT @haveigotnews: Live pictures as Ryanair unveils its new luggage allowance system: https://t.co/PfBXX3W4mv
Thu Nov 01 18:07:57 +0000 2018	Ryanair sticks to plan to close Eindhoven base https://t.co/aeJc7CA7XL @ytekedejong
Thu Nov 01 18:07:50 +0000 2018	RT @owenjoeblewitt: Funny how Ryanair can take you to another country for ¬£9.99 but an eight minute taxi costs me around ¬£11.60
Thu Nov 01 18:07:37 +0000 2018	RT @owenjoeblewitt: Funny how Ryanair can take you to another country for ¬£9.99 but an eight minute taxi costs me around ¬£11.60
Thu Nov 01 18:07:29 +0000 2018	RT @haveigotnews: Live pictures as Ryanair unveils its new luggage allowance system: https://t.co/PfBXX3W4mv
Thu Nov 01 18:07:11 +0000 2018	RT @Tremenoventi: Madonna ryanair tra poco mette il pilota all‚Äôingresso che ti chiede se gli presti 15 euro
Thu Nov 01 18:07:08 +0000 2018	RT @haveigotnews: Live pictures as Ryanair unveils its new luggage allowance system: https://t.co/PfBXX3W4mv
Thu Nov 01 18:07:06 +0000 2018	Ryanair garante que vai aplicar lei local em resposta a carta de governantes europeus https://t.co/LmAjz4N5Vx
